URL,標題,DN
https://www.dnaav.com/video/153384.html,本土女孩?X婷可?露出全套 - ??自拍福利??DnaAV.com,dnaav.com
https://www.qinav.com/video/299738.html,本土女孩?X婷可?露出全套 - 免?成人色情??qinav.com,qinav.com
https://www.jieav.com/play/376684.html,本土女孩?X婷可?露出全套??情色,jieav.com
https://www.pornfind.org/zh-hans/find/%E6%9C%AC%E5%9C%9F%E5%A5%B3%E5%AD%A9%E8%B6%99x%E5%A9%B7%E5%8F%AF%E6%84%9B%E9%9C%B2%E5%87%BA%E5%85%A8%E5%A5%97,本土女孩?x婷可?露出全套,pornfind.org
https://fcclr.com/vodplay/32816.shtml,本土女孩?X婷可?露出全套-播放 - 公?露出,fcclr.com
https://126728.net/voddetail/69183.shtml,本土女孩?X婷可?露出全套,126728.net
https://94ero.com/videos/74805,本地女孩趙X婷可愛露出全套,94ero.com
http://www.eyny.com/video.php?mod=search&cid=20&srchtxt=%E6%9C%AC%E5%9C%B0%E5%A5%B3%E5%AD%A9%E8%B6%99X%E5%A9%B7%E5%8F%AF%E6%84%9B%E9%9C%B2%E5%87%BA%E5%85%A8%E5%A5%97,本地女孩趙X婷可愛露出全套- 搜尋- 伊莉影片區,eyny.com
http://bbs-tw.com/archiver/1_mb/,會員資訊交流區｜洪爺討論區,bbs-tw.com
https://m.direnice.com/news/73855853852623.html,"淫?,皮?,享受,抽插淫?皮?享清?女神-",m.direnice.com
https://51cg1.com/tags.html,所有??,51cg1.com
https://www.yeswater.com.tw/post.php?page=6&cid=7,悅氏礦泉水線上購物－陽光。空氣。YES,yeswater.com.tw
https://xingtv3.cc/label/tags.html,??- 免?A片成人?漫在??看- 杏TV,xingtv3.cc
https://sqrnw94rqep2.blog.fc2.com/blog-entry-252.html,和室友他哥交易+番外BY 雲間- 鹹魚翻身中 - FC2,sqrnw94rqep2.blog.fc2.com
https://github.com/EasyIME/PIME/blob/master/python/cinbase/cin/ezsmall.cin,ezsmall.cin - EasyIME/PIME,github.com
http://blog.dcview.com/article.php?a=BzpVM1cxAzdUMA%3D%3D,【婚禮錄影∣器材介紹】四、如何讓相機的收音效果更加集中,blog.dcview.com
https://github.com/rspeer/wordfreq/blob/master/wordfreq/data/jieba_zh.txt,jieba_zh.txt - rspeer/wordfreq · GitHub,github.com
https://zzxx3.com/archives.html,往期回?,zzxx3.com
https://www.lopaccy.com/book/77861.html,"魔鬼夫妻奸虐少女百度网? - 大嫂,哥哥的女人",lopaccy.com
https://www.zhihu.com/question/490248651/answer/2173016540,如何以「我穿越到了男主小?候欺?他的?毒女配身上」? ...,zhihu.com
https://www.zhihu.com/question/526512935/answer/2477485029,?篇?作?拉松第二季：有哪些推理?分或?洞十足的故事? ...,zhihu.com
https://tw.xsz-av.com/video/118736/%E5%8F%B0%E7%81%A3pua%E5%A4%A7%E7%A5%9E%E9%A2%A8%E6%B5%81%E8%B2%A1%E5%AD%90%E7%B4%84%E7%82%AE%E8%87%AA%E6%8B%8D-%E6%B8%85%E7%B4%94jk%E5%88%B6%E6%9C%8D%E7%BE%8E%E5%A5%B3%E5%A4%A7%E5%AD%B8%E7%94%9F%E5%87%BA%E9%8F%A1,台灣PUA大神風流財子約炮自拍清純JK制服美女大學生出鏡,tw.xsz-av.com
https://www.javffm.com/drama/%E5%9C%8B%E7%94%A2%E5%8A%87%E6%83%85%E5%8F%B0%E7%81%A3pua%E5%A4%A7%E7%A5%9E%E9%A2%A8%E6%B5%81%E8%B2%A1%E5%AD%90%E7%B4%84%E7%82%AE%E8%87%AA%E6%8B%8D-%E6%B8%85%E7%B4%94jk%E5%88%B6%E6%9C%8D%E7%BE%8E/,[國產劇情]台灣PUA大神風流財子約炮自拍清純JK制服美女 ...,javffm.com
https://www.pornlulu.com/v/8mYKM,[國產劇情]台灣PUA大神風流財子約炮自拍清純JK制服美女 ...,pornlulu.com
https://avjoy.me/video/26979/%E9%A2%A8%E6%B5%81%E8%B2%A1%E5%AD%90pua%E5%A4%A7%E7%A5%9E-%E5%8D%97%E6%A9%98%E5%AD%90-%E6%B8%85%E7%B4%94jk%E5%88%B6%E6%9C%8D%E7%BE%8E%E5%A5%B3%E5%A4%A7%E5%AD%B8%E7%94%9F%E5%87%BA%E9%8F%A1720p%E9%AB%98%E6%B8%85%E7%89%88-%E5%8D%97%E6%A9%98%E5%AD%90-south-tangerinr-%E9%A2%A8%E6%B5%81%E8%B2%A1%E5%AD%90-%E8%87%AA%E6%8B%8D-%E5%8F%B0%E7%81%A3,風流財子PUA大神南橘子清純JK制服美女大學生出鏡720P ...,avjoy.me
https://bcr1.com/voddetail/386362.shtml,台灣富二代風流財子酒店約炮自拍～清純JK制服美女大學生出鏡…,bcr1.com
https://x99av.com/video/211534,精品泄密流出台?PUA大神?流?子?炮自拍??清?JK制服 ...,x99av.com
http://www.eyny.com/channel/UCYfBu60XyN/tag/PUA%E5%A4%A7%E7%A5%9E%E9%A2%A8%E6%B5%81%E8%B2%A1%E5%AD%90,PUA大神風流財子- 搜尋,eyny.com
https://tw.xmorex.com/search/videos/%E5%8F%B0%E7%81%A3PUA%E9%A2%A8%E6%B5%81%E6%89%8D%E5%AD%90%E7%B3%BB%E5%88%97,台灣PUA風流才子系列,tw.xmorex.com
https://aslust.com/videos/1180/Taiwan-Merry-and-Rich-AV-leaked/,台?PUA大神?流?子?炮自拍清?JK制服美女大?生出? ...,aslust.com
https://shengbang2007.com/vodplay/383700.shtml,台灣富二代風流財子酒店約炮自拍～清純JK制服美女大學生露臉出鏡 ...,shengbang2007.com
https://www.pornfind.org/zh-hans/preview/3278472,台?PUA大神?流?子?炮自拍清?JK制服美女大?生出?,pornfind.org
http://video.sex169.org/video/91359/-pua-jk-/,台灣PUA大神風流財子約炮自拍清純JK制服美女大學生出鏡,video.sex169.org
https://wahas.com/zh/watch?v=g_7HOiL-bl6,台灣PUA大神風流財子約炮自拍清純JK制服美女大學生出鏡,wahas.com
https://114av.one/video/211534,精品泄密流出台?PUA大神?流?子?炮自拍??清?JK制服 ...,114av.one
http://www.whzsfy.com/videos/play/14825,精品泄密流出台?PUA大神?流?子?炮自拍清?JK制服美女 ...,whzsfy.com
https://www.ptt.sex/Wz6OWb.video,台灣富二代風流財子酒店約炮自拍～清純JK制服美女大學生出鏡…,ptt.sex
https://pt46app.com/2048/simple/?t3928587.html,台?PUA大神?流?子?炮自拍清?JK制服美女大?生出?,pt46app.com
https://tw.xszav3.com/search/videos/%E5%8F%B0%E7%81%A3%E8%87%AA%E6%8B%8D%E9%A2%A8%E6%B5%81%E6%89%8D%E5%AD%90/chinese?page=1,台灣自拍風流才子- XSZAV3.COM,tw.xszav3.com
https://www.pornbest.org/q/%E5%A4%A7%E7%A5%9E%E9%A3%8E%E6%B5%81%E8%B4%A2%E5%AD%90,大神風流財子- 情色視頻網站,pornbest.org
https://www.video01.org/mp4/J205W,台灣PUA大神風流財子約炮自拍清純JK制服美女大學生出鏡 0,video01.org
https://deanesmachines.com/vodlist/---latest-1.shtml?q=%E9%A3%8E%E6%B5%81%E6%89%8D%E5%AD%90%E7%BA%A6%E7%82%AE,?流才子?炮??第1? - ?家极品,deanesmachines.com
https://tw.xszav.club/video/117155/%E5%8F%B0%E7%81%A3%E5%A4%A7%E7%A5%9E%E9%A2%A8%E6%B5%81%E8%B2%A1%E5%AD%90-33,台灣大神風流財子-33 - XSZ AV,tw.xszav.club
https://whichav.video/q/pua%E9%A2%A8%E6%B5%81%E8%B2%A1%E5%AD%90?page=2,pua風流財子網站列表,whichav.video
https://mrjav.net/playlist/47687/%E5%8F%B0%E6%B9%BEpua%E5%A4%A7%E7%A5%9E%E9%A3%8E%E6%B5%81%E8%B4%A2%E5%AD%90/,台?PUA大神?流?子Playlist,mrjav.net
https://avhu.com/videos/39437/pua-jk-720p/,精品泄密流出台灣PUA大神風流財子約炮自拍清純JK制服美女 ...,avhu.com
https://www.qinav.com/video/1130248.html,?流哥桑拿?所高价?的店??牌女技?少?民族女人味十足 ...,qinav.com
https://yazhouseba.co/av-list-sNYjmm-399.html,??母子???(第399?),yazhouseba.co
https://whichav.com/zh-tw/q/91%E5%A4%A7%E7%A5%9Ejk0517?page=2,91大神jk0517網站列表,whichav.com
https://tokyomotion.com/108573/%E5%8F%B0%E7%81%A3swag%E4%B8%BB%E6%92%ADfeifeibebe%E6%96%B0%E5%B9%B4%E9%89%85%E4%BD%9C3p%E6%80%A7%E8%99%95%E7%90%86%E7%B3%BB%E8%8A%B1%E5%AD%B8%E5%A7%8A%E9%AB%98%E6%BD%AE%E7%B5%95%E9%A0%82%E5%A4%A7%E9%87%8F%E4%B8%AD%E5%87%BA%E5%85%A7%E5%B0%84%E9%AB%98%E6%B8%85%E7%89%88%E6%B5%81%E5%87%BA/?playlist=36549,台灣Swag主播feifeibebe新年鉅作3P性處理系花學姊高潮 ...,tokyomotion.com
http://dfhxd.com/vod/play/id/77656.html,[台?] ?流?子(5)～可?妹子只愿做半套！,dfhxd.com
https://javplayer.com/122194/%E6%9C%80-%E8%BF%91-%E8%BF%BD-%E6%B1%82-%E5%8E%9F-%E7%94%9F-%E6%85%8B-00%E5%BE%8C-%E6%89%BE-%E4%BA%86-%E5%B9%BE-%E5%80%8B-%E5%B0%8F-%E5%AB%A9-%E5%A6%B9-%E6%8C%91-%E4%B8%AD-%E5%80%8B-%E4%B9%96-%E5%B7%A7-%E8%81%BD-%E8%A9%B1-%E6%B0%B4-%E5%A4%9A-%E7%A9%B4-%E7%B7%8A-%E8%81%BD-%E8%A9%B1-%E4%BB%BB-%E6%84%8F-%E7%8E%A9-webcam/?playlist=40185,最近追求原生態00後找了幾個小嫩妹挑中個乖巧聽話水多穴 ...,javplayer.com
https://tireloc.com/vodlist/--PUA%E5%A4%A7%E7%A5%9E%E9%A2%A8%E6%B5%81%E8%B2%A1%E5%AD%90-latest-1.shtml,PUA大神風流財子 - 咪???,tireloc.com
https://tube53.com/videos/3735/Appointment-Cannon-Tender-Girl-34/,台灣PUA約炮大神風流才子系列約炮嫩妹酒店做愛--34,tube53.com
https://tube53.com/videos/3926/Taiwans-PUA-20/,台灣PUA約炮大神風流才子系列合集--20 - Tube53.com,tube53.com
https://tw.xsz-av.com/video/118736/%E5%8F%B0%E7%81%A3pua%E5%A4%A7%E7%A5%9E%E9%A2%A8%E6%B5%81%E8%B2%A1%E5%AD%90%E7%B4%84%E7%82%AE%E8%87%AA%E6%8B%8D-%E6%B8%85%E7%B4%94jk%E5%88%B6%E6%9C%8D%E7%BE%8E%E5%A5%B3%E5%A4%A7%E5%AD%B8%E7%94%9F%E5%87%BA%E9%8F%A1,台灣PUA大神風流財子約炮自拍清純JK制服美女大學生出鏡,tw.xsz-av.com
https://tw.xsz-av.com/video/118730/%E5%8F%B0%E7%81%A3pua%E5%A4%A7%E7%A5%9E%E9%A2%A8%E6%B5%81%E8%B2%A1%E5%AD%90-%E8%B6%85%E7%94%9C%E7%BE%8E%E8%90%8C%E5%A6%B9%E5%A5%B3%E7%A5%9E%E9%A1%8F%E5%B0%84%E8%87%89%E4%B8%8A,台灣PUA大神風流財子超甜美萌妹女神顏射臉上- XSZ-AV.COM,tw.xsz-av.com
https://18porn.cc/video/23488.html,本土自拍台灣PUA大神風流財子豪華新作約操漂亮美 ... - 18Porn,18porn.cc
https://aslust.com/videos/297/pua-33/,台灣PUA約炮大神風流才子系列合集33 - ASLust.com,aslust.com
https://aslust.com/videos/298/pua-18/,台灣PUA約炮大神風流才子系列合集18 - ASLust.com,aslust.com
https://ohoav.com/videos/354/tai-wan-PUA-da-shen-7/,台灣PUA大神風流財子泡妞達人鼻釘美女7 - OHOav.com,ohoav.com
https://tw.xmorex.com/search/videos/PUA%20%E9%A2%A8%E6%B5%81%E6%89%8D%E5%AD%90,PUA 風流才子,tw.xmorex.com
https://iwant-sex.com/video/24152.html,中文成人手機娛樂網站提供免費在線高畫質成人影片 ... - 18porn,iwant-sex.com
https://tw.xszav2.com/search/videos/%E5%8F%B0%E7%81%A3PUA%E9%A2%A8%E6%B5%81%E6%89%8D%E5%AD%90,台灣PUA風流才子,tw.xszav2.com
https://tw.xszav3.com/video/117155/%E5%8F%B0%E7%81%A3%E5%A4%A7%E7%A5%9E%E9%A2%A8%E6%B5%81%E8%B2%A1%E5%AD%90-33,台灣大神風流財子-33 - XSZ AV,tw.xszav3.com
https://iwant-sex.com/search/?search_query=%E9%A2%A8%E6%B5%81,Search Result (風流) of Asian Chinese Adult Porn Videos,iwant-sex.com
https://qingse.one/zh/q/%E5%8F%B0%E7%81%A3pua%E7%B4%84%E7%82%AE%E5%A4%A7%E7%A5%9E%E9%A2%A8%E6%B5%81%E6%89%8D%E5%AD%90%E7%B3%BB%E5%88%97?page=5,台灣pua約炮大神風流才子系列網站列表 - 情色網站大全,qingse.one
https://www.javffm.com/drama/%E5%9C%8B%E7%94%A2%E5%8A%87%E6%83%85%E5%8F%B0%E7%81%A3pua%E5%A4%A7%E7%A5%9E%E9%A2%A8%E6%B5%81%E8%B2%A1%E5%AD%90%E7%B4%84%E7%82%AE%E8%87%AA%E6%8B%8D-%E6%B8%85%E7%B4%94jk%E5%88%B6%E6%9C%8D%E7%BE%8E/,[國產劇情]台灣PUA大神風流財子約炮自拍清純JK ... - JAVFFM,javffm.com
http://18porns.cc/video/23102.html,台灣本土自拍大神風流才子約炮大學生出鏡 - 18porn,18porns.cc
https://whichav.com/zh/q/%E5%8F%B0%E7%81%A3pua%E7%B4%84%E7%82%AE%E5%A4%A7%E7%A5%9E%E9%A2%A8%E6%B5%81%E6%89%8D%E5%AD%90%E7%B3%BB%E5%88%97?page=14,台灣pua約炮大神風流才子系列網站列表- WhichAV,whichav.com
https://www.pornlulu.com/v/8mYKM,[國產劇情]台灣PUA大神風流財子約炮自拍清純JK制服美女 ...,pornlulu.com
https://whichav.video/q/%E5%8F%B0%E7%81%A3pua%E7%B4%84%E7%82%AE%E5%A4%A7%E7%A5%9E%E9%A2%A8%E6%B5%81%E6%89%8D%E5%AD%90%E7%B3%BB%E5%88%97,台灣pua約炮大神風流才子系列網站列表 - 成人網站大全,whichav.video
https://lululu.one/q/%E5%8F%B0%E7%81%A3pua%E5%A4%A7%E7%A5%9E,台灣pua大神網站列表,lululu.one
https://www.pornbest.org/q/%E5%8F%B0%E7%81%A3pua%E5%A4%A7%E7%A5%9E%E9%A2%A8%E6%B5%81%E8%B2%A1%E5%AD%90,台灣pua大神風流財子- 情色視頻網站- PornBest,pornbest.org
https://tw.xszav1.com/search/videos/PUA%E7%B4%84%E7%82%AE%E5%A4%A7%E7%A5%9E-%E9%A2%A8%E6%B5%81%E6%89%8D%E5%AD%90/chinese,PUA約炮大神風流才子- XSZAV1.COM,tw.xszav1.com
http://www.eyny.com/channel/UCYfBu60XyN/tag/PUA%E5%A4%A7%E7%A5%9E%E9%A2%A8%E6%B5%81%E8%B2%A1%E5%AD%90,PUA大神風流財子- 搜尋- 伊莉影片區,eyny.com
https://kissjav.li/playlist/47687/%E5%8F%B0%E6%B9%BEpua%E5%A4%A7%E7%A5%9E%E9%A3%8E%E6%B5%81%E8%B4%A2%E5%AD%90/,台?PUA大神?流?子Playlist - KissJAV,kissjav.li
https://www.pornfind.org/find/%E7%A5%9E%E9%A2%A8%E6%B5%81%E8%B2%A1%E5%AD%9024,神風流財子24 - 色情搜尋引擎- PornFind,pornfind.org
https://www.qinav.com/search/838894.html,大神?流成人色情??QinAV免?在??看,qinav.com
https://laowang.vip/search/s.php?q=%E5%8F%B0%E6%B9%BEpua%E5%A4%A7%E7%A5%9E,台?pua大神_老王??,laowang.vip
https://theporn.cc/video/49117,台?pua大神?流?子超甜美萌妹女神?射?上 - ThePorn,theporn.cc
https://x99av.com/video/211534,精品泄密流出台?PUA大神?流?子?炮自拍??清?JK制服 ...,x99av.com
https://www.dlb330.xyz/s/%E5%8F%B0%E6%B9%BEpua%E5%A4%A7%E7%A5%9E%E9%A3%8E%E6%B5%81%E8%B4%A2%E5%AD%90%E8%8D%A3%E8%AA%89%E4%BD%B3%E4%BD%9C%E7%AC%AC16%E9%83%A8.html,台?pua大神?流?子??佳作第16部- 第1?- 大?卜搜索,dlb330.xyz
https://5278.cc/thread-1282934-1-1.html,[華語自拍] 台灣PUA約炮大神風流才子讓美女非常享受 - 5278論壇,5278.cc
https://avjoy.me/video/24229/pua%E5%A4%A7%E7%A5%9E%E9%A3%8E%E6%B5%81%E8%B4%A2%E5%AD%90%E7%BA%A6%E6%88%98%E5%A4%A7%E5%AD%A6%E7%94%9C%E7%BE%8E%E8%90%8C%E5%A6%B9%E5%AD%90%E4%B8%AD%E6%96%87%E5%AD%97%E5%B9%95,PUA大神?流?子??大?甜美萌妹子中文字幕- AVJOY,avjoy.me
https://www.ptt.sex/Odzm3.video,PUA大神風流財子番外篇酒吧認識已經有點微醉的少婦 - PTT.sex,ptt.sex
https://pao8.life/2022/01/03/9324/,台?PUA?炮大神?流才子系列35部合集[55.69GB],pao8.life
https://www.ptt.cc/bbs/sex/M.1622748694.A.37F.html,[閒聊] 最近很紅的風流才子自拍- 看板sex,ptt.cc
https://jiayoulu.com/zh-hans/q/%E5%8F%B0%E7%81%A3pua%E7%B4%84%E7%82%AE%E5%A4%A7%E7%A5%9E%E9%A2%A8%E6%B5%81%E6%89%8D%E5%AD%90%E7%B3%BB%E5%88%97?page=16,台?pua?炮大神?流才子系列网站列表- 加油?,jiayoulu.com
https://taiav.com/cn/movie/63aad40fae7f2071687ba935,PUA大神?流?子?炮身材丰?少?出租屋啪啪性?自拍,taiav.com
https://www.miliav.com/video/315757.html,台?PUA大神?流?子泡妞?人11,miliav.com
https://doyleshd.com/vodlist/--PUA%E5%A4%A7%E7%A5%9E%E9%A3%8E%E6%B5%81%E8%B4%A2%E5%AD%90-latest-1.shtml,PUA大神?流?子??第1?-巨物,doyleshd.com
https://91porny.com/videos/view/95015/180-pua-00/,私房站最新流出售价180大洋作品台?PUA大神?流?子??00 ...,91porny.com
https://666666666999.blog.2nt.com/blog-entry-899.html,[臺灣] 傳奇重磅流出！約炮嫖妓自拍偷拍色影師達人風流 ... - 666,666666666999.blog.2nt.com
https://bidong9.com/vodplay/374189-1-1.html,精品泄密流出台?PUA大神?流?子?炮??清?女大?生第 ...,bidong9.com
https://www.hubff.com/view.php?cid=2&vid=MzcwOA==&vname=%E5%8F%B0%E7%81%A3PUA%E7%B4%84%E7%82%AE%E5%A4%A7%E7%A5%9E%E9%A2%A8%E6%B5%81%E6%89%8D%E5%AD%90%20%E7%B3%BB%E5%88%97%E5%90%88%E9%9B%86%2016,台灣PUA約炮大神風流才子系列合集16 - Hubff.com,hubff.com
http://www.xxxporn123.com/tags/4820042/%E9%A2%A8%E6%B5%81%E6%89%8D%E5%AD%90,風流才子,xxxporn123.com
https://acjj.net/vodlist/--PUA%E5%8F%B0%E6%B9%BE%E5%A4%A7%E7%A5%9E%E9%A3%8E%E6%B5%81%E8%B4%A2%E5%AD%90-latest-2.shtml,PUA台?大神?流?子??第2? - 恥辱?制服,acjj.net
https://x99pa.xyz/watch/49117,台?pua大神?流?子超甜美萌妹女神?射?上 - 99啪x99pa.xyz,x99pa.xyz
https://leakav.com/videos/590/kvyfbanjrw/,台灣風流財子PUA大神免費在線觀看23 - LeakAV.com,leakav.com
https://www.hubff.com/view.php?cid=2&vid=MzcwOQ==&vname=%E5%8F%B0%E7%81%A3PUA%E7%B4%84%E7%82%AE%E5%A4%A7%E7%A5%9E%E9%A2%A8%E6%B5%81%E6%89%8D%E5%AD%903,台灣PUA約炮大神風流才子3 - Hubff.com,hubff.com
https://thepornbest.com/zh-hans/q/pua%E5%8F%B0%E7%81%A3?page=19,pua台?网站列表 - The Porn Best,thepornbest.com
https://www.haose.xxx/videos/34500/pua-13/,台?PUA大神?流?子泡妞?人13 - 好色谷,haose.xxx
http://video.sex169.org/video/91359/-pua-jk-/,台灣PUA大神風流財子約炮自拍清純JK制服美女大學生出鏡,video.sex169.org
http://www.whzsfy.com/videos/play/14825,精品泄密流出台?PUA大神?流?子?炮自拍清?JK制服美女 ...,whzsfy.com
https://www.fengyuetongtian.com/vodplay/352771-1-1.html,台灣富二代風流財子酒店約炮自拍～溫柔嬌嫩的藝校極品性冷感 ...,fengyuetongtian.com
https://tw.xsz-av.com/video/118736/%E5%8F%B0%E7%81%A3pua%E5%A4%A7%E7%A5%9E%E9%A2%A8%E6%B5%81%E8%B2%A1%E5%AD%90%E7%B4%84%E7%82%AE%E8%87%AA%E6%8B%8D-%E6%B8%85%E7%B4%94jk%E5%88%B6%E6%9C%8D%E7%BE%8E%E5%A5%B3%E5%A4%A7%E5%AD%B8%E7%94%9F%E5%87%BA%E9%8F%A1,台灣PUA大神風流財子約炮自拍清純JK制服美女大學生出鏡,tw.xsz-av.com
https://www.javffm.com/drama/%E5%9C%8B%E7%94%A2%E5%8A%87%E6%83%85%E5%8F%B0%E7%81%A3pua%E5%A4%A7%E7%A5%9E%E9%A2%A8%E6%B5%81%E8%B2%A1%E5%AD%90%E7%B4%84%E7%82%AE%E8%87%AA%E6%8B%8D-%E6%B8%85%E7%B4%94jk%E5%88%B6%E6%9C%8D%E7%BE%8E/,[國產劇情]台灣PUA大神風流財子約炮自拍清純JK制服美女 ...,javffm.com
https://avjoy.me/video/26979/%E9%A2%A8%E6%B5%81%E8%B2%A1%E5%AD%90pua%E5%A4%A7%E7%A5%9E-%E5%8D%97%E6%A9%98%E5%AD%90-%E6%B8%85%E7%B4%94jk%E5%88%B6%E6%9C%8D%E7%BE%8E%E5%A5%B3%E5%A4%A7%E5%AD%B8%E7%94%9F%E5%87%BA%E9%8F%A1720p%E9%AB%98%E6%B8%85%E7%89%88-%E5%8D%97%E6%A9%98%E5%AD%90-south-tangerinr-%E9%A2%A8%E6%B5%81%E8%B2%A1%E5%AD%90-%E8%87%AA%E6%8B%8D-%E5%8F%B0%E7%81%A3,風流財子PUA大神南橘子清純JK制服美女大學生出鏡720P ...,avjoy.me
https://www.pornlulu.com/v/8mYKM,[國產劇情]台灣PUA大神風流財子約炮自拍清純JK制服美女 ...,pornlulu.com
http://video.sex169.org/video/91359/-pua-jk-/,台灣PUA大神風流財子約炮自拍清純JK制服美女大學生出鏡,video.sex169.org
https://aslust.com/videos/1180/Taiwan-Merry-and-Rich-AV-leaked/,台?PUA大神?流?子?炮自拍清?JK制服美女大?生出? ...,aslust.com
https://wahas.com/zh/watch?v=g_7HOiL-bl6,台灣PUA大神風流財子約炮自拍清純JK制服美女大學生出鏡,wahas.com
https://eyny.com/Cp/watch?v=CW7vrQCDazO&mode=flash,台灣PUA大神風流財子約炮自拍清純JK制服美女大學生出鏡 ...,eyny.com
https://bcr1.com/voddetail/386362.shtml,台灣富二代風流財子酒店約炮自拍～清純JK制服美女大學生出鏡…,bcr1.com
https://tw.xchina.co/torrent/id-6130bd0756e9d.html,精品泄密流出臺灣PUA大神風流財子約炮自拍??清純JK制服 ...,tw.xchina.co
https://www.video01.org/mp4/J205W,台灣PUA大神風流財子約炮自拍清純JK制服美女大學生出鏡 0,video01.org
https://www.caoav.net/thread-1980165.htm,精品泄密流出台?PUA大神?流?子?炮自拍清?JK制服美女 ...,caoav.net
https://x99av.com/video/211534,精品泄密流出台?PUA大神?流?子?炮自拍??清?JK制服 ...,x99av.com
https://theav.xyz/video/211534,精品泄密流出台?PUA大神?流?子?炮自拍??清?JK制服 ...,theav.xyz
https://69av.one/video/211534,720P 精品泄密流出台?PUA大神?流?子?炮自拍??清?JK ...,69av.one
https://www.ptt.sex/PX1Mr.video,台灣PUA大神風流財子約炮自拍清純JK制服美女大學生出鏡-10,ptt.sex
https://mtd4u.com/vodplay/383700.shtml,台灣富二代風流財子酒店約炮自拍～清純JK制服美女 ... - 勾引明星,mtd4u.com
https://qq1.monster/voddetail/398796.shtml,精品泄密流出台?PUA大神?流?子?炮自拍清?JK制服美女 ...,qq1.monster
https://tw.xszav3.com/search/videos/%E5%8F%B0%E7%81%A3%E5%A4%A7%E7%A5%9E%E9%A2%A8%E6%B5%81%E8%B2%A1%E5%AD%9044,台灣大神風流財子44 - XSZ AV,tw.xszav3.com
https://www.pornfind.org/find/%E9%A2%A8%E6%B5%81%E8%B2%A1%E5%AD%90pua+%E5%A4%A7%E5%AD%B8%E7%94%9F,風流財子pua 大學生,pornfind.org
https://www.38dmitaotun.com/videos/8024/jk10/,[??]台?富二代?流?子酒店?炮自拍，清?JK制服美女 ...,38dmitaotun.com
https://tw.xmorex.com/search/videos/%E5%8F%B0%E7%81%A3%E8%87%AA%E6%8B%8D%E9%A2%A8%E6%B5%81%E8%B2%A1%E5%AD%90,台灣自拍風流財子,tw.xmorex.com
https://tw.xmorex.com/search/videos/%E5%8F%B0%E7%81%A3PUA%E9%A2%A8%E6%B5%81%E6%89%8D%E5%AD%90%E7%B3%BB%E5%88%97,台灣PUA風流才子系列,tw.xmorex.com
https://tw.xszav.club/search/videos/%E5%8F%B0%E7%81%A3%E5%A4%A7%E7%A5%9E%E9%A2%A8%E6%B5%81%E8%B2%A1%E5%AD%90%2027,台灣大神風流財子27 - XSZ AV,tw.xszav.club
https://www.pornbest.org/q/%E9%A2%A8%E6%B5%81%E8%B2%A1,風流財- 情色視頻網站,pornbest.org
https://tw.xszav1.com/video/117155/%E5%8F%B0%E7%81%A3%E5%A4%A7%E7%A5%9E%E9%A2%A8%E6%B5%81%E8%B2%A1%E5%AD%90-33,台灣大神風流財子-33,tw.xszav1.com
https://xhbmm.com/thread-1610905-1-1.html,?流?子?炮自拍??清?JK制服美女大?生出?720P ... - 泄火吧,xhbmm.com
https://jiayoulu.com/zh-mo/q/%E5%8F%B0%E7%81%A3pua%E5%A4%A7%E7%A5%9E,台灣pua大神網站列表- 加油擼,jiayoulu.com
https://thepornbest.com/zh-tw/q/pua%E5%A4%A7%E7%A5%9E%E9%A2%A8%E6%B5%81,pua大神風流網站列表,thepornbest.com
https://www.utbbs.net/forum.php?mod=viewthread&tid=647615,清?JK制服美女大?生出?720P高清版[MP4/1079MB],utbbs.net
https://tw.xsz-av.com/video/118730/%E5%8F%B0%E7%81%A3pua%E5%A4%A7%E7%A5%9E%E9%A2%A8%E6%B5%81%E8%B2%A1%E5%AD%90-%E8%B6%85%E7%94%9C%E7%BE%8E%E8%90%8C%E5%A6%B9%E5%A5%B3%E7%A5%9E%E9%A1%8F%E5%B0%84%E8%87%89%E4%B8%8A,台灣PUA大神風流財子超甜美萌妹女神顏射臉上,tw.xsz-av.com
https://tw.xszav2.com/search/videos/%E5%8F%B0%E6%B9%BEPUA%E5%A4%A7%E7%A5%9E+%E9%A3%8E%E6%B5%81%E8%B4%A2%E5%AD%90,台?PUA大神?流?子- XSZAV2.COM,tw.xszav2.com
https://tube53.com/videos/3925/Taiwan-PUA-23/,台灣PUA風流財子約炮大神風流才子系列合集- 23集,tube53.com
https://tube53.com/videos/3735/Appointment-Cannon-Tender-Girl-34/,台灣PUA約炮大神風流才子系列約炮嫩妹酒店做愛--34,tube53.com
https://tw.xszav2.com/search/videos/PUA+%E9%A2%A8%E6%B5%81%E8%B2%A1%E5%AD%90,PUA 風流財子,tw.xszav2.com
https://www.pornbest.org/q/%E5%8F%B0%E7%81%A3pua%E5%A4%A7%E7%A5%9E%E9%A2%A8%E6%B5%81%E8%B2%A1%E5%AD%90,台灣pua大神風流財子- 情色視頻網站,pornbest.org
https://ohoav.com/videos/354/tai-wan-PUA-da-shen-7/,台灣PUA大神風流財子泡妞達人鼻釘美女7,ohoav.com
https://theporn.cc/video/49117,台?pua大神?流?子超甜美萌妹女神?射?上 - ThePorn,theporn.cc
https://iwant-sex.com/video/23488.html,本土自拍台灣PUA大神風流財子豪華新作約操漂亮美乳 ... - 18porn,iwant-sex.com
https://taiav.com/cn/movie/63aad40fae7f2071687ba935,PUA大神?流?子?炮身材丰?少?出租屋啪啪性?自拍,taiav.com
https://mdcm8.com/p/27584%20md18,臺灣PUA大神風流財子泡妞達人7 國產自拍美女國產精品.麻豆 ...,mdcm8.com
https://aslust.com/tags/3da56a44b793f071a0126cc3b92a643d/,???風流財子的新??,aslust.com
https://www.pornlulu.com/v/W3Wnz,35露臉才是王道！台灣大神風流財子約炮各種露臉美女啪 ...,pornlulu.com
https://tw.xszav3.com/video/117155/%E5%8F%B0%E7%81%A3%E5%A4%A7%E7%A5%9E%E9%A2%A8%E6%B5%81%E8%B2%A1%E5%AD%90-33,台灣大神風流財子-33 - XSZ AV,tw.xszav3.com
https://www.javffm.com/drama/%E5%9C%8B%E7%94%A2%E5%8A%87%E6%83%85%E5%8F%B0%E7%81%A3pua%E5%A4%A7%E7%A5%9E%E9%A2%A8%E6%B5%81%E8%B2%A1%E5%AD%90%E7%B4%84%E7%82%AE%E8%87%AA%E6%8B%8D-%E6%B8%85%E7%B4%94jk%E5%88%B6%E6%9C%8D%E7%BE%8E/,[國產劇情]台灣PUA大神風流財子約炮自拍清純JK制服美女 ...,javffm.com
http://video.sex169.org/video/91359/-pua-jk-/,台灣PUA大神風流財子約炮自拍清純JK制服美女大學生出鏡,video.sex169.org
https://wahas.com/en/watch?v=gEjv7RLJmI6,台?PUA大神?流?子?炮自拍清?JK制服美女大?生出?,wahas.com
https://wahas.com/zh/watch?v=g_7HOiL-bl6,台灣PUA大神風流財子約炮自拍清純JK制服美女大學生出鏡,wahas.com
https://x99pa.xyz/watch/49117,台?pua大神?流?子超甜美萌妹女神?射?上 - 99啪x99pa.xyz,x99pa.xyz
https://bidong9.com/vodplay/374189-1-1.html,精品泄密流出台?PUA大神?流?子?炮??清?女大?生第 ...,bidong9.com
https://www.91rb.net/videos/76871/pua-1080p2/,精品泄密流出台?PUA大神?流?子自拍-?啪??超甜美萌 ...,91rb.net
https://whichav.video/q/%E5%8F%B0%E7%81%A3pua%E7%B4%84%E7%82%AE%E5%A4%A7%E7%A5%9E%E9%A2%A8%E6%B5%81%E8%B2%A1%E5%AD%90%E7%B3%BB%E5%88%97?page=4,台灣pua約炮大神風流財子系列網站列表,whichav.video
http://www.whzsfy.com/videos/play/14825,精品泄密流出台?PUA大神?流?子?炮自拍清?JK制服美女 ...,whzsfy.com
https://avjoy.me/video/24229/pua%E5%A4%A7%E7%A5%9E%E9%A3%8E%E6%B5%81%E8%B4%A2%E5%AD%90%E7%BA%A6%E6%88%98%E5%A4%A7%E5%AD%A6%E7%94%9C%E7%BE%8E%E8%90%8C%E5%A6%B9%E5%AD%90%E4%B8%AD%E6%96%87%E5%AD%97%E5%B9%95,PUA大神?流?子??大?甜美萌妹子中文字幕,avjoy.me
https://www.video01.org/mp4/J205W,台灣PUA大神風流財子約炮自拍清純JK制服美女大學生出鏡 0,video01.org
https://zuise.co/video/39819,《[???情]台?PUA大神?流?子?炮自拍清?JK制服美女 ...,zuise.co
https://feise.xyz/video/64909,台?pua大神?流?子??00后舞蹈系大?美女各种高 ... - ?色,feise.xyz
https://126728.net/voddetail/64671.shtml,台?PUA大神?流?子?炮自拍清?JK制服美女大?生出?,126728.net
https://x99av.com/video/49117,台?pua大神?流?子超甜美萌妹女神?射?上,x99av.com
https://cn.telegram-porn.com/catalog/channels/olddriverschannel/10253,[????] 台?PUA大神?流?子?炮自拍清?JK制服美女 ...,cn.telegram-porn.com
https://www.pornfind.org/preview/3315502,精品泄密流出台灣PUA大神風流財子約炮??清純女大學生第 ...,pornfind.org
http://www04.eyny.com/26/watch?v=RB6GmFs1dc2,[本土無碼中文]台灣PUA大神風流財子約炮自拍清純JK制服 ...,www04.eyny.com
https://jable.one/video/161307,精品泄密流出台?PUA大神?流?子?炮清?女大?生,jable.one
https://tw.xchina.co/torrent/id-6130bd0756e9d.html,精品泄密流出臺灣PUA大神風流財子約炮自拍??清純JK制服 ...,tw.xchina.co
https://bttzyw.info/?s=vod-read-id-31740.html,正在播放[???情]台?PUA大神?流?子?炮自拍清?JK制服 ...,bttzyw.info
https://kissjav.li/playlist/47687/%E5%8F%B0%E6%B9%BEpua%E5%A4%A7%E7%A5%9E%E9%A3%8E%E6%B5%81%E8%B4%A2%E5%AD%90/,台?PUA大神?流?子Playlist - KissJAV,kissjav.li
https://lululu.one/q/pua%E5%A4%A7%E7%A5%9E%E9%A2%A8%E6%B5%81,pua大神風流網站列表,lululu.one
https://www.tasexy.com/1236359.html,台?PUA大神?流?子??00后舞蹈系大?美女,tasexy.com
https://tw.xmorex.com/search/videos/PUA%20%E9%A2%A8%E6%B5%81%E6%89%8D%E5%AD%90,PUA 風流才子,tw.xmorex.com
https://avday.tv/watch/short/2230e027d741203c08136fbb055661aa?e=y,[台灣] PUA大神風流財子約戰00後舞蹈系萌萌噠大學美女 ...,avday.tv
https://fcclr.com/vodplay/361739.shtml,台?PUA大神?流?子?炮自拍清?JK制服美女大?生出?-播放,fcclr.com
https://www.ptt.sex/mWYV3.video,精品泄密流出台灣PUA大神風流財子約炮??清純女大學生第 ...,ptt.sex
https://imyyds.com/voddetail/624440.html,《台?PUA大神?流?子??00后舞蹈系大?美女各种高?度 ...,imyyds.com
https://tw.xszav.club/video/117155/%E5%8F%B0%E7%81%A3%E5%A4%A7%E7%A5%9E%E9%A2%A8%E6%B5%81%E8%B2%A1%E5%AD%90-33,台灣大神風流財子-33 - XSZ AV,tw.xszav.club
https://www.dlb330.xyz/s/%E5%8F%B0%E6%B9%BEpua%E5%A4%A7%E7%A5%9E%E9%A3%8E%E6%B5%81%E8%B4%A2%E5%AD%90%E8%8D%A3%E8%AA%89%E4%BD%B3%E4%BD%9C%E7%AC%AC16%E9%83%A8.html,台?pua大神?流?子??佳作第16部- 第1?,dlb330.xyz
https://www.ptt.cc/bbs/sex/M.1622748694.A.37F.html,[閒聊] 最近很紅的風流才子自拍- 看板sex,ptt.cc
https://kg0999.com/?p=33681,精品TW-PUA大神風流財子約炮自拍??清純JK美女大學生 ...,kg0999.com
https://lunkerbass.com/vodplay/191025.shtml,精品泄密流出台?PUA大神?流?子?炮??清?女大?生第 ...,lunkerbass.com
https://leakav.com/videos/590/kvyfbanjrw/,台灣風流財子PUA大神免費在線觀看23,leakav.com
https://qingse.one/zh-hk/q/%E5%8F%B0%E7%81%A3%E9%A2%A8%E6%B5%81%E8%B2%A1%E5%AD%90,台灣風流財子網站列表,qingse.one
https://deanesmachines.com/vodlist/--PUA%E5%A4%A7%E7%A5%9E%E9%A3%8E%E6%B5%81%E8%B4%A2%E5%AD%90-latest-2.shtml,PUA大神?流?子??第2? - ?家极品,deanesmachines.com
https://www.haose.xxx/videos/34500/pua-13/,台?PUA大神?流?子泡妞?人13,haose.xxx
https://www.haose.xxx/videos/34547/pua-15/,台?PUA大神?流?子泡妞?人15,haose.xxx
https://stouffvilleonline.com/vodlist/--%E5%8F%B0%E6%B9%BEpua%E5%A4%A7%E7%A5%9E%E9%A3%8E%E6%B5%81-latest-1.shtml,台?pua大神?流 - 日常日??,stouffvilleonline.com
https://tktube.com/search/PUA-%E5%A4%A7%E7%A5%9E-%E9%A2%A8%E6%B5%81%E8%B2%A1%E5%AD%90-35/,Search Results for PUA 大神風流財子35,tktube.com
https://www.69re.net/private/,新的VIP影片 - SOPORN.COM,69re.net
https://huangse.love/zh-mo/q/pua%E9%A2%A8%E6%B5%81%E8%B2%A1%E5%AD%90?page=10,pua風流財子網站列表,huangse.love
https://brourou.com/vodplay/130296.shtml,PUA泡妞大神?流?子豪?大作第13部-极品鼻?气?美女出? ...,brourou.com
https://south-plus.org/read.php?tid-1287029-uid-459401.html,"求搬?工台?PUA大神?流?子?炮自拍No.26, 36, 37",south-plus.org
https://5278.cc/forum.php?mod=forumdisplay&fid=23&filter=&orderby=dateline&&page=1867,72 |主題: 217287|排名: 1,5278.cc
https://tztysy.com/vod/play/id/764975/sid/1/nid/1.html,在?播放台?PUA大神?流?子??00后舞蹈系大?美女,tztysy.com
https://sis0009.com/37854.html,台?大神?流?子?炮自拍第17部38p/1V/ 【1.75G】,sis0009.com
https://www.qinav.com/video/1130248.html,?流哥桑拿?所高价?的店??牌女技?少?民族女人味十足 ...,qinav.com
https://www.91rb99.com/videos/77016/pua-1080p3/,台?PUA泡妞?人?流?子最新自拍作品-???柔?嫩的?校 ...,91rb99.com
https://spankbang.com/8rtfy/video/pua+south+tangerinr+07,風流財子臺灣PUA泡妞達人南橘子South tangerinr 07,spankbang.com
https://yamanokuni.com/list/1983968188/,口舌舔奶-色色网AV,yamanokuni.com
https://www.188channel.com/redirect.php?tid=70139015&goto=lastpost,臺灣PUA大神風流財子原創自拍-約啪超甜美萌妹女神第八季,188channel.com
https://www.fuli35.lv/index.php/archive.html,?史查找,fuli35.lv
https://www.zcaqai.com/post/h-z-y-z-y-e-a---d-y-x-l-1-1-.-2-8-g-x-[-1-1-P-1-2-V-].html,格?分享社- 404 - Not Found,zcaqai.com
https://www.zcaqai.com/post/s-w-a-g---z-n-w-y-s-m-f-w-d-x-s-g-x-g-l-m-n-p-f-f-1-v-1-2-9-g.html,格?分享社- 404 - Not Found,zcaqai.com
https://cili.info/!fxTo,台?PUA大神?流?子?炮自拍清?JK制服美女大?生出?,cili.info
https://fuliji.lat/video/14556,台灣PUA大神風流?子泡妞達人7 - 福利姬,fuliji.lat
https://www.qsjd7.com/play/218197-5-1.html,精品泄密流出台?PUA大神?流?子自拍-?啪超甜美萌妹女神 ...,qsjd7.com
https://tireloc.com/vodplay/88871.shtml,台?PUA大神?流?子?炮自拍清?JK制服美女大?生出?-播放,tireloc.com
https://tw.xsz-av.com/video/118736/%E5%8F%B0%E7%81%A3pua%E5%A4%A7%E7%A5%9E%E9%A2%A8%E6%B5%81%E8%B2%A1%E5%AD%90%E7%B4%84%E7%82%AE%E8%87%AA%E6%8B%8D-%E6%B8%85%E7%B4%94jk%E5%88%B6%E6%9C%8D%E7%BE%8E%E5%A5%B3%E5%A4%A7%E5%AD%B8%E7%94%9F%E5%87%BA%E9%8F%A1,台灣PUA大神風流財子約炮自拍清純JK制服美女大學生出鏡,tw.xsz-av.com
https://avjoy.me/video/26979/%E9%A2%A8%E6%B5%81%E8%B2%A1%E5%AD%90pua%E5%A4%A7%E7%A5%9E-%E5%8D%97%E6%A9%98%E5%AD%90-%E6%B8%85%E7%B4%94jk%E5%88%B6%E6%9C%8D%E7%BE%8E%E5%A5%B3%E5%A4%A7%E5%AD%B8%E7%94%9F%E5%87%BA%E9%8F%A1720p%E9%AB%98%E6%B8%85%E7%89%88-%E5%8D%97%E6%A9%98%E5%AD%90-south-tangerinr-%E9%A2%A8%E6%B5%81%E8%B2%A1%E5%AD%90-%E8%87%AA%E6%8B%8D-%E5%8F%B0%E7%81%A3,風流財子PUA大神南橘子清純JK制服美女大學生出鏡720P ...,avjoy.me
https://www.javffm.com/drama/%E5%9C%8B%E7%94%A2%E5%8A%87%E6%83%85%E5%8F%B0%E7%81%A3pua%E5%A4%A7%E7%A5%9E%E9%A2%A8%E6%B5%81%E8%B2%A1%E5%AD%90%E7%B4%84%E7%82%AE%E8%87%AA%E6%8B%8D-%E6%B8%85%E7%B4%94jk%E5%88%B6%E6%9C%8D%E7%BE%8E/,[國產劇情]台灣PUA大神風流財子約炮自拍清純JK制服美女 ...,javffm.com
https://www.fengyuetongtian.com/voddetail/352770.html,台灣富二代風流財子酒店約炮自拍～清純JK制服美女大學生露臉 ...,fengyuetongtian.com
https://www.38dmitaotun.com/videos/8024/jk10/,[??]台?富二代?流?子酒店?炮自拍，清?JK制服美女 ...,38dmitaotun.com
https://aslust.com/videos/1180/Taiwan-Merry-and-Rich-AV-leaked/,台?PUA大神?流?子?炮自拍清?JK制服美女大?生出? ...,aslust.com
https://wahas.com/zh/watch?v=g_7HOiL-bl6&mode=flash,台灣PUA大神風流財子約炮自拍清純JK制服美女大學生出鏡,wahas.com
https://hjd2048.com/2048/state/m/279/2108/3928587.html,台?PUA大神?流?子?炮自拍清?JK制服美女大?生出?,hjd2048.com
https://eyny.com/Cp/watch?v=CW7vrQCDazO&mode=flash,台灣PUA大神風流財子約炮自拍清純JK制服美女大學生出鏡 ...,eyny.com
https://bcr1.com/voddetail/386362.shtml,台灣富二代風流財子酒店約炮自拍～清純JK制服美女大學生出鏡…,bcr1.com
https://www.paopaoshipin.com/v/163800.html,?流?子?炮自拍清?JK制服美女大?生出?,paopaoshipin.com
https://pt46app.com/2048/simple/?t3928587.html,台?PUA大神?流?子?炮自拍清?JK制服美女大?生出?,pt46app.com
http://bbs.sex169.org/forum.php?mod=viewthread&tid=758181,[??] 清?JK制服美女大?生出?720P高清版[MP4/1079MB],bbs.sex169.org
https://tw.xchina.co/torrent/id-611650fbc4a8a.html,精品泄密流出臺灣PUA大神風流財子約炮自拍??清純JK制服 ...,tw.xchina.co
https://www.lamei.tv/lmw/295421-1-1/,台灣富二代風流財子酒店約炮自拍～清純JK制服美女大學生露臉 ...,lamei.tv
https://www.pornlulu.com/v/8mYKM,[國產劇情]台灣PUA大神風流財子約炮自拍清純JK制服美女 ...,pornlulu.com
https://www.jieav.com/play/1052741.html,台灣富二代風流財子酒店約炮自拍～清純JK制服美女大學生 ...,jieav.com
https://xxxxvideo.uno/videos/%E6%B8%85%E7%BA%AFjk%E5%88%B6%E6%9C%8D%E7%BE%8E%E5%A5%B3%E5%A4%A7%E5%AD%A6%E7%94%9F%E5%87%BA%E9%95%9C%E9%AB%98%E6%B8%85%E8%A7%86%E9%A2%91%E5%9C%A8%E7%BA%BF%E8%A7%82%E7%9C%8B.html,清?jk制服美女大?生出?高清??在??看2023 - XXXXVideo,xxxxvideo.uno
https://mtd4u.com/voddetail/383700.shtml,台灣富二代風流財子酒店約炮自拍～清純JK制服美女 ... - 勾引明星,mtd4u.com
https://bttzyw19.com/?s=vod-read-id-31740.html,正在播放[???情]台?PUA大神?流?子?炮自拍清?JK制服 ...,bttzyw19.com
https://ternity.net/voddetail/64671.shtml,台?PUA大神?流?子?炮自拍清?JK制服美女大?生出?,ternity.net
https://aakkanjobs.com/details/03gnsaiqlz.html,台?PUA大神?流?子?炮自拍清?JK制服美女大?生出?,aakkanjobs.com
https://x99av.com/video/211534,精品泄密流出台?PUA大神?流?子?炮自拍??清?JK制服 ...,x99av.com
https://zuise.co/video/39819,《[???情]台?PUA大神?流?子?炮自拍清?JK制服美女 ...,zuise.co
https://www.video01.org/mp4/J205W,台灣PUA大神風流財子約炮自拍清純JK制服美女大學生出鏡 0,video01.org
https://www.pornfind.org/find/jk%E5%A4%A7%E5%AD%B8%E7%94%9F,jk大學生,pornfind.org
https://www.resao.com/videos/75829/pua-jk-720p/,精品泄密流出台?PUA大神?流?子?炮自拍??清?JK制服 ...,resao.com
https://11lu.cc/vod/search/wd/JK%E5%88%B6%E6%9C%8D/,JK制服搜索?果,11lu.cc
https://4hu.one/watch/211534,精品泄密流出台?PUA大神?流?子?炮自拍??清?JK ... - 四虎,4hu.one
https://69av.one/video/211534,720P 精品泄密流出台?PUA大神?流?子?炮自拍??清?JK ...,69av.one
https://69av.one/video/download/211534,下?精品泄密流出台?PUA大神?流?子?炮自拍??清?JK ...,69av.one
https://www.caoav.net/thread-1980165.htm,精品泄密流出台?PUA大神?流?子?炮自拍清?JK制服美女 ...,caoav.net
https://theporn.cc/video/211534,精品泄密流出台?PUA大神?流?子?炮自拍 ... - ThePorn,theporn.cc
https://www.pornfind.org/find/jk%E5%A4%A7%E5%AD%B8%E7%94%9F,jk大學生,pornfind.org
https://11lu.cc/vod/search/wd/JK%E5%88%B6%E6%9C%8D/,JK制服搜索?果,11lu.cc
https://www.resao.com/videos/75829/pua-jk-720p/,精品泄密流出台?PUA大神?流?子?炮自拍??清?JK制服 ...,resao.com
https://4hu.one/watch/211534,精品泄密流出台?PUA大神?流?子?炮自拍??清?JK ... - 四虎,4hu.one
https://www.u9a9.com/view/1/af8799b82373abb75a3a89c59ba15c5925f2ba7f,精品泄密流出台?PUA大神?流?子?炮自拍清?JK制服 ...,u9a9.com
https://removetips.net/vodplay/284465.shtml,台?PUA大神?流?子?炮自拍清?JK制服美女大?生出?,removetips.net
http://www.sanji.link/ecdkm-1341172.jsp,台?PUA大神?流?子?炮自拍清?JK制服美女大?生出? ...,sanji.link
https://www.tasexy.com/tags/152114.html,?生制服jk 47???,tasexy.com
https://www.ptt.sex/PX1Mr.video,台灣PUA大神風流財子約炮自拍清純JK制服美女大學生出鏡-10,ptt.sex
https://ravanpodcast.com/details/4q93ohq998.html,No compatible source was found for this media.,ravanpodcast.com
http://www.whzsfy.com/videos/play/14825,精品泄密流出台?PUA大神?流?子?炮自拍清?JK制服美女 ...,whzsfy.com
https://114av.one/video/hd/211534,精品泄密流出台?PUA大神?流?子?炮自拍??清?JK制服 ...,114av.one
https://tw.xszav.club/search/videos/%E5%8F%B0%E7%81%A3%E5%A4%A7%E7%A5%9E%E9%A2%A8%E6%B5%81%E8%B2%A1%E5%AD%90%2027,台灣大神風流財子27 - XSZ AV,tw.xszav.club
https://qq1.monster/voddetail/398796.shtml,精品泄密流出台?PUA大神?流?子?炮自拍清?JK制服美女 ...,qq1.monster
https://875x.com/forum.php?mod=viewthread&tid=1082124,精品泄密流出台?PUA大神?流?子?炮自拍??清?JK制服 ...,875x.com
https://fcclr.com/vodplay/361739.shtml,台?PUA大神?流?子?炮自拍清?JK制服美女大?生出?-播放,fcclr.com
https://wv.sis.la/forum/viewthread.php?tid=11076900&&authorid=13268615&styleid=24,精品泄密流出台?PUA大神?流?子?炮自拍??清?JK制服 ...,wv.sis.la
https://www.qinav.com/search/207789.html,jk清?成人色情??QinAV免?在??看,qinav.com
https://googlewk.com/thread-3435248-1-1.html,精品泄密流出台?PUA大神?流?子?炮自拍清?JK制服美女 ...,googlewk.com
https://sukebei.nyaa.si/view/3439515,精品泄密流出台?PUA大神?流?子?炮自拍??清?JK制服 ...,sukebei.nyaa.si
https://www.cool18.com/bbs3/index.php?app=forum&act=threadview&tid=14322552,精品泄密流出台?PUA大神?流?子?炮自拍清?JK制服 ...,cool18.com
https://5xng.xyz/thread-368085-1-1.html,精品泄密流出台?PUA大神?流?子?炮自拍清?JK制服美女 ...,5xng.xyz
https://www.xym747.com/archives/58443,精品泄密流出台?PUA大神?流?子?炮自拍清?JK制服美女 ...,xym747.com
http://162.252.9.15/forum/redirect.php?fid=187&tid=11076908&goto=nextnewset&styleid=24,精品泄密流出台?PUA大神?流?子?炮自拍??清?JK制服 ...,162.252.9.15
https://www.38dmitaotun69.com/videos/8024/jk10/,[??]台?富二代?流?子酒店?炮自拍，清?JK制服美女 ...,38dmitaotun69.com
https://85tube.com/tags/xue-sheng/,影片標簽：學生,85tube.com
https://mise.one/video/211534,精品泄密流出台?PUA大神?流?子?炮自拍??清?JK ... - 秘色,mise.one
https://yamanokuni.com/list/1983968188/,口舌舔奶-色色网AV,yamanokuni.com
https://hsck12.live/view/?id=se8x612x,??情色台灣富二代風流財子酒店約炮自拍～清純JK制服 ...,hsck12.live
http://www.oagg.cn/play-oagg/804145801734.html,《www.189393[付?] ??季福利！?十位美女良家大?生出? ...,oagg.cn
https://laowang.vip/forum.php?mod=forumdisplay&fid=437,??小??,laowang.vip
https://91porny.com/video/view/5d782f2dcb56ab821cc3,?射流出04年jk白?母狗被我后入爆操?不?要用玩具舔 ...,91porny.com
https://bad.news/search/q-%E5%8D%81%E5%A4%A7%E6%8E%A2%E8%8A%B1%E6%8E%92%E5%90%8D%E7%AC%AC%E4%B8%80/via-log,十大探花排名第一-搜索?果,bad.news
https://bbs.d3o8.com/2048/read.php?fid=43&tid=3853159&toread=1,台?PUA大神?流?子?炮自拍清?JK制服美女大?生出?,bbs.d3o8.com
https://www.zcaqai.com/post/y-d-l-c-r-q-C-o-s-e-r-@-s-h-i-n-u-k-i--2-B-x-j-j-x-z-w-x-z-h-j-j-[-6-2-P-+-1-V-/-1-7-3-M-B-].html,格?分享社- 404 - Not Found,zcaqai.com
https://dwd2go.com/2048/read.php?fid=15&tid=4813329&toread=1,精品泄密流出台?PUA大神?流?子?炮自拍清?JK制服美女 ...,dwd2go.com
https://am.jiuse930.com/video/view/672114114,熟女的屁股是真的香【陌陌探探??了，用下面??的?件】,am.jiuse930.com
https://jiuse.icu/video/view/3d5bdb3beae4dbd53678,把自己的巨乳老婆????男操，一前一后各种?射（?芥 ...,jiuse.icu
https://x.lzboks.com/162655.html,[合集] [已失效] [自行打包] 套路的不知名美女S_ [7v+4g][百度?],x.lzboks.com
https://f.qqing.net/125392.html,[自拍] [??搬?] 反差?乳妹紫薇打炮女上位相??狂全程一副 ...,f.qqing.net
https://spankbang.com/s/%E5%B8%95%E8%90%A8%E9%9B%B7%E6%8B%89%C2%B7%E5%BE%B7%E6%96%AF%E5%8A%AA%E5%A4%9A/,可?的模特照片拍?porn videos,spankbang.com
https://e.xgjmhh.com/140641.html,其?是椰子啦ASMR助眠硅?耳 - 84?,e.xgjmhh.com
https://www.lz80.com/200068.html,TK舞社璐璐合集第3套10部4K【10v+3.4G】【百度?】 - 84?,lz80.com
https://kissjav.com/zh/157877/%E5%8F%B0%E6%B9%BEpua%E5%A4%A7%E7%A5%9E%E9%A3%8E%E6%B5%81%E8%B4%A2%E5%AD%90%E7%BA%A6%E7%82%AE%E8%87%AA%E6%8B%8D-%E6%B8%85%E7%BA%AFjk%E5%88%B6%E6%9C%8D%E7%BE%8E%E5%A5%B3%E5%A4%A7%E5%AD%A6%E7%94%9F%E5%87%BA%E9%95%9C/?playlist=38926,台?PUA大神?流?子?炮自拍清?JK制服美女大?生出?,kissjav.com
https://tireloc.com/vodplay/88871.shtml,台?PUA大神?流?子?炮自拍清?JK制服美女大?生出?-播放,tireloc.com
http://www.91porn0.store/play-orn0/202413730097.html,在?精品???航[付?] 稀有！情?初?很想被操又很害羞【陌 ...,91porn0.store
https://www.91porn.tw/play-porn/292011342961.html,?里番朱竹清[付?] 容量?么大么！震惊了！太深了！【陌陌探 ...,91porn.tw
https://tw.xsz-av.com/video/118736/%E5%8F%B0%E7%81%A3pua%E5%A4%A7%E7%A5%9E%E9%A2%A8%E6%B5%81%E8%B2%A1%E5%AD%90%E7%B4%84%E7%82%AE%E8%87%AA%E6%8B%8D-%E6%B8%85%E7%B4%94jk%E5%88%B6%E6%9C%8D%E7%BE%8E%E5%A5%B3%E5%A4%A7%E5%AD%B8%E7%94%9F%E5%87%BA%E9%8F%A1,台灣PUA大神風流財子約炮自拍清純JK制服美女大學生出鏡,tw.xsz-av.com
https://www.javffm.com/drama/%E5%9C%8B%E7%94%A2%E5%8A%87%E6%83%85%E5%8F%B0%E7%81%A3pua%E5%A4%A7%E7%A5%9E%E9%A2%A8%E6%B5%81%E8%B2%A1%E5%AD%90%E7%B4%84%E7%82%AE%E8%87%AA%E6%8B%8D-%E6%B8%85%E7%B4%94jk%E5%88%B6%E6%9C%8D%E7%BE%8E/,[國產劇情]台灣PUA大神風流財子約炮自拍清純JK制服美女 ...,javffm.com
https://www.pornlulu.com/v/8mYKM,[國產劇情]台灣PUA大神風流財子約炮自拍清純JK制服美女 ...,pornlulu.com
https://avjoy.me/video/26979/%E9%A2%A8%E6%B5%81%E8%B2%A1%E5%AD%90pua%E5%A4%A7%E7%A5%9E-%E5%8D%97%E6%A9%98%E5%AD%90-%E6%B8%85%E7%B4%94jk%E5%88%B6%E6%9C%8D%E7%BE%8E%E5%A5%B3%E5%A4%A7%E5%AD%B8%E7%94%9F%E5%87%BA%E9%8F%A1720p%E9%AB%98%E6%B8%85%E7%89%88-%E5%8D%97%E6%A9%98%E5%AD%90-south-tangerinr-%E9%A2%A8%E6%B5%81%E8%B2%A1%E5%AD%90-%E8%87%AA%E6%8B%8D-%E5%8F%B0%E7%81%A3,風流財子PUA大神南橘子清純JK制服美女大學生出鏡720P ...,avjoy.me
https://x99av.com/video/211534,精品泄密流出台?PUA大神?流?子?炮自拍??清?JK制服 ...,x99av.com
https://bcr1.com/voddetail/386362.shtml,台灣富二代風流財子酒店約炮自拍～清純JK制服美女大學生出鏡…,bcr1.com
https://69av.one/video/hd/211534,精品泄密流出台?PUA大神?流?子?炮自拍??清? ... - 69AV,69av.one
http://www.eyny.com/channel/UCYfBu60XyN/tag/PUA%E5%A4%A7%E7%A5%9E%E9%A2%A8%E6%B5%81%E8%B2%A1%E5%AD%90,PUA大神風流財子- 搜尋,eyny.com
https://aslust.com/videos/1180/Taiwan-Merry-and-Rich-AV-leaked/,台?PUA大神?流?子?炮自拍清?JK制服美女大?生出? ...,aslust.com
https://shengbang2007.com/vodplay/383700.shtml,台灣富二代風流財子酒店約炮自拍～清純JK制服美女大學生露臉出鏡 ...,shengbang2007.com
https://www.pornfind.org/zh-hans/preview/3278472,台?PUA大神?流?子?炮自拍清?JK制服美女大?生出?,pornfind.org
https://wahas.com/zh/watch?v=g_7HOiL-bl6,台灣PUA大神風流財子約炮自拍清純JK制服美女大學生出鏡,wahas.com
https://orbitdrums.com/vodplay/513850.shtml,精品泄密流出台?PUA大神?流?子?炮自拍??清?JK制服美女 ...,orbitdrums.com
http://video.sex169.org/video/91359/-pua-jk-/,台灣PUA大神風流財子約炮自拍清純JK制服美女大學生出鏡,video.sex169.org
https://eyny.com/Cp/watch?v=CW7vrQCDazO,台灣PUA大神風流財子約炮自拍清純JK制服美女大學生出鏡 ...,eyny.com
https://114av.one/video/211534,精品泄密流出台?PUA大神?流?子?炮自拍??清?JK制服 ...,114av.one
https://tw.xmorex.com/search/videos/%E5%8F%B0%E7%81%A3PUA%E9%A2%A8%E6%B5%81%E6%89%8D%E5%AD%90%E7%B3%BB%E5%88%97,台灣PUA風流才子系列,tw.xmorex.com
https://pt46app.com/2048/simple/?t3928587.html,台?PUA大神?流?子?炮自拍清?JK制服美女大?生出?,pt46app.com
https://www.ptt.sex/Wz6OWb.video,台灣富二代風流財子酒店約炮自拍～清純JK制服美女大學生出鏡…,ptt.sex
https://tw.xszav3.com/search/videos/%E5%8F%B0%E7%81%A3%E5%A4%A7%E7%A5%9E%20PUA%20%E9%A2%A8%E6%B5%81%E6%89%8D%E5%AD%90,台灣大神PUA 風流才子 - XSZ AV,tw.xszav3.com
https://www.pornbest.org/q/pua%E5%A4%A7%E7%A5%9E+%E5%8F%B0%E7%81%A3%E9%A2%A8%E6%B5%81%E8%B2%A1%E5%AD%90,pua大神台灣風流財子- 情色視頻網站,pornbest.org
https://www.pornbest.org/q/%E8%87%BA%E7%81%A3%E9%A2%A8%E6%B5%81%E8%B2%A1%E5%AD%90%E7%B4%84%E7%82%AE%E8%87%AA%E6%8B%8D,臺灣風流財子約炮自拍- 情色視頻網站,pornbest.org
https://deanesmachines.com/vodlist/---latest-1.shtml?q=%E9%A3%8E%E6%B5%81%E6%89%8D%E5%AD%90%E7%BA%A6%E7%82%AE,?流才子?炮??第1? - ?家极品,deanesmachines.com
https://mrjav.net/playlist/47687/%E5%8F%B0%E6%B9%BEpua%E5%A4%A7%E7%A5%9E%E9%A3%8E%E6%B5%81%E8%B4%A2%E5%AD%90/,台?PUA大神?流?子Playlist,mrjav.net
https://www.video01.org/mp4/J205W,台灣PUA大神風流財子約炮自拍清純JK制服美女大學生出鏡 0,video01.org
https://tw.xszav.club/video/117155/%E5%8F%B0%E7%81%A3%E5%A4%A7%E7%A5%9E%E9%A2%A8%E6%B5%81%E8%B2%A1%E5%AD%90-33,台灣大神風流財子-33 - XSZ AV,tw.xszav.club
https://saracorsi.com/vodlist/--%E5%8F%B0%E6%B9%BEpua%E5%A4%A7%E7%A5%9E%E9%A3%8E%E6%B5%81%E8%B4%A2%E5%AD%90-latest-1.shtml,台?pua大神?流?子??第1? - 名优?真,saracorsi.com
https://www.tasexy.com/1338075.html,?流才子酒店?炮妖?孕?最后?射?上!-??自拍,tasexy.com
https://qingse.one/zh-hk/q/%E9%A2%A8%E6%B5%81%E8%B2%A1%E5%AD%90+pua?page=2,風流財子pua網站列表,qingse.one
https://126728.net/voddetail/64671.shtml,台?PUA大神?流?子?炮自拍清?JK制服美女大?生出?,126728.net
https://www.qinav.com/video/1130248.html,?流哥桑拿?所高价?的店??牌女技?少?民族女人味十足 ...,qinav.com
https://www.miliav.com/video/256844.html,?生VS老?的极致放?,miliav.com
https://yazhouseba.co/av-list-s5UDxk-401.html,睡奸屁眼????(第401?),yazhouseba.co
https://924t.com/forum.php?mod=viewthread&tid=1000445,Onlyfans?裔极品模特YanisaNoey福利??[49V237P][?水 ...,924t.com
https://javplayer.com/119038/%E7%8D%B5-%E4%BA%BA-%E8%88%87-%E7%8D%B5-%E7%89%A9-%E5%85%84-%E5%A6%B9-%E9%96%93-%E7%9A%84-%E5%81%87-%E9%81%8A-%E6%88%B2-%E7%9C%9F-%E4%BA%82-%E5%80%AB-sex/?playlist=5992,獵人與獵物兄妹間的假遊戲真亂倫(Sex),javplayer.com
https://tireloc.com/vodlist/--PUA%E5%A4%A7%E7%A5%9E%E9%A2%A8%E6%B5%81%E8%B2%A1%E5%AD%90-latest-1.shtml,PUA大神風流財子 - 咪???,tireloc.com
https://tube53.com/videos/3735/Appointment-Cannon-Tender-Girl-34/,台灣PUA約炮大神風流才子系列約炮嫩妹酒店做愛--34,tube53.com
https://tube53.com/videos/3925/Taiwan-PUA-23/,台灣PUA風流財子約炮大神風流才子系列合集- 23集,tube53.com
https://tw.xsz-av.com/video/118736/%E5%8F%B0%E7%81%A3pua%E5%A4%A7%E7%A5%9E%E9%A2%A8%E6%B5%81%E8%B2%A1%E5%AD%90%E7%B4%84%E7%82%AE%E8%87%AA%E6%8B%8D-%E6%B8%85%E7%B4%94jk%E5%88%B6%E6%9C%8D%E7%BE%8E%E5%A5%B3%E5%A4%A7%E5%AD%B8%E7%94%9F%E5%87%BA%E9%8F%A1,台灣PUA大神風流財子約炮自拍清純JK制服美女大學生出鏡,tw.xsz-av.com
https://tw.xsz-av.com/video/118730/%E5%8F%B0%E7%81%A3pua%E5%A4%A7%E7%A5%9E%E9%A2%A8%E6%B5%81%E8%B2%A1%E5%AD%90-%E8%B6%85%E7%94%9C%E7%BE%8E%E8%90%8C%E5%A6%B9%E5%A5%B3%E7%A5%9E%E9%A1%8F%E5%B0%84%E8%87%89%E4%B8%8A,台灣PUA大神風流財子超甜美萌妹女神顏射臉上,tw.xsz-av.com
https://18porn.cc/video/23488.html,本土自拍台灣PUA大神風流財子豪華新作約操漂亮美乳 ...,18porn.cc
https://aslust.com/videos/298/pua-18/,台灣PUA約炮大神風流才子系列合集18,aslust.com
https://aslust.com/videos/297/pua-33/,台灣PUA約炮大神風流才子系列合集33,aslust.com
https://ohoav.com/videos/354/tai-wan-PUA-da-shen-7/,台灣PUA大神風流財子泡妞達人鼻釘美女7,ohoav.com
https://iwant-sex.com/video/24152.html,中文成人手機娛樂網站提供免費在線高畫質成人影片 ... - 18porn,iwant-sex.com
https://kissjav.li/playlist/47687/%E5%8F%B0%E6%B9%BEpua%E5%A4%A7%E7%A5%9E%E9%A3%8E%E6%B5%81%E8%B4%A2%E5%AD%90/,台?PUA大神?流?子Playlist - KissJAV,kissjav.li
https://tw.xmorex.com/search/videos/PUA%20%E9%A2%A8%E6%B5%81%E6%89%8D%E5%AD%90,PUA 風流才子,tw.xmorex.com
https://tw.xszav2.com/search/videos/%E5%8F%B0%E7%81%A3PUA%E9%A2%A8%E6%B5%81%E6%89%8D%E5%AD%90,台灣PUA風流才子,tw.xszav2.com
https://tw.xszav3.com/video/117155/%E5%8F%B0%E7%81%A3%E5%A4%A7%E7%A5%9E%E9%A2%A8%E6%B5%81%E8%B2%A1%E5%AD%90-33,台灣大神風流財子-33 - XSZ AV,tw.xszav3.com
https://tw.xszav2.com/search/videos/%E5%8F%B0%E6%B9%BEPUA%E5%A4%A7%E7%A5%9E+%E9%A3%8E%E6%B5%81%E8%B4%A2%E5%AD%90,台?PUA大神?流?子- XSZAV2.COM,tw.xszav2.com
https://iwant-sex.com/search/?search_query=%E9%A2%A8%E6%B5%81,Search Result (風流) of Asian Chinese Adult Porn Videos,iwant-sex.com
https://qingse.one/zh/q/%E5%8F%B0%E7%81%A3pua%E7%B4%84%E7%82%AE%E5%A4%A7%E7%A5%9E%E9%A2%A8%E6%B5%81%E6%89%8D%E5%AD%90%E7%B3%BB%E5%88%97?page=5,台灣pua約炮大神風流才子系列網站列表,qingse.one
http://18porns.cc/video/23102.html,台灣本土自拍大神風流才子約炮大學生出鏡 - 18porn,18porns.cc
https://www.javffm.com/drama/%E5%9C%8B%E7%94%A2%E5%8A%87%E6%83%85%E5%8F%B0%E7%81%A3pua%E5%A4%A7%E7%A5%9E%E9%A2%A8%E6%B5%81%E8%B2%A1%E5%AD%90%E7%B4%84%E7%82%AE%E8%87%AA%E6%8B%8D-%E6%B8%85%E7%B4%94jk%E5%88%B6%E6%9C%8D%E7%BE%8E/,[國產劇情]台灣PUA大神風流財子約炮自拍清純JK制服美女 ...,javffm.com
https://whichav.video/q/%E5%8F%B0%E7%81%A3pua%E7%B4%84%E7%82%AE%E5%A4%A7%E7%A5%9E%E9%A2%A8%E6%B5%81%E6%89%8D%E5%AD%90%E7%B3%BB%E5%88%97,台灣pua約炮大神風流才子系列網站列表,whichav.video
https://whichav.com/zh/q/%E5%8F%B0%E7%81%A3pua%E7%B4%84%E7%82%AE%E5%A4%A7%E7%A5%9E%E9%A2%A8%E6%B5%81%E6%89%8D%E5%AD%90%E7%B3%BB%E5%88%97?page=14,台灣pua約炮大神風流才子系列網站列表,whichav.com
https://theporn.cc/video/49117,台?pua大神?流?子超甜美萌妹女神?射?上 - ThePorn,theporn.cc
https://lululu.one/q/%E5%8F%B0%E7%81%A3pua%E5%A4%A7%E7%A5%9E,台灣pua大神網站列表,lululu.one
https://laowang.vip/search/s.php?q=%E5%8F%B0%E6%B9%BEpua%E5%A4%A7%E7%A5%9E,台?pua大神,laowang.vip
https://www.qinav.com/search/838894.html,大神?流成人色情??QinAV免?在??看,qinav.com
https://www.pornlulu.com/v/8mYKM,[國產劇情]台灣PUA大神風流財子約炮自拍清純JK制服美女 ...,pornlulu.com
https://www.pornbest.org/q/%E5%8F%B0%E7%81%A3pua%E5%A4%A7%E7%A5%9E%E9%A2%A8%E6%B5%81%E8%B2%A1%E5%AD%90,台灣pua大神風流財子- 情色視頻網站,pornbest.org
https://5278.cc/thread-1282934-1-1.html,[華語自拍] 台灣PUA約炮大神風流才子讓美女非常享受,5278.cc
https://x99av.com/video/211534,精品泄密流出台?PUA大神?流?子?炮自拍??清?JK制服 ...,x99av.com
https://seqing.one/zh/q/pua%E5%8F%B0%E7%81%A3%E9%A2%A8%E6%B5%81,pua台灣風流網站列表- 色情網,seqing.one
https://www.pornfind.org/find/%E7%A5%9E%E9%A2%A8%E6%B5%81%E8%B2%A1%E5%AD%9024,神風流財子24,pornfind.org
https://www.dlb330.xyz/s/%E5%8F%B0%E6%B9%BEpua%E5%A4%A7%E7%A5%9E%E9%A3%8E%E6%B5%81%E8%B4%A2%E5%AD%90%E8%8D%A3%E8%AA%89%E4%BD%B3%E4%BD%9C%E7%AC%AC16%E9%83%A8.html,台?pua大神?流?子??佳作第16部- 第1?,dlb330.xyz
http://www.eyny.com/channel/UCYfBu60XyN/tag/PUA%E5%A4%A7%E7%A5%9E%E9%A2%A8%E6%B5%81%E8%B2%A1%E5%AD%90,PUA大神風流財子- 搜尋,eyny.com
https://pao8.life/2022/01/03/9324/,台?PUA?炮大神?流才子系列35部合集[55.69GB],pao8.life
https://avjoy.me/video/24229/pua%E5%A4%A7%E7%A5%9E%E9%A3%8E%E6%B5%81%E8%B4%A2%E5%AD%90%E7%BA%A6%E6%88%98%E5%A4%A7%E5%AD%A6%E7%94%9C%E7%BE%8E%E8%90%8C%E5%A6%B9%E5%AD%90%E4%B8%AD%E6%96%87%E5%AD%97%E5%B9%95,PUA大神?流?子??大?甜美萌妹子中文字幕,avjoy.me
https://www.miliav.com/video/315757.html,台?PUA大神?流?子泡妞?人11,miliav.com
https://www.tasexy.com/1236359.html,台?PUA大神?流?子??00后舞蹈系大?美女,tasexy.com
https://www.ptt.cc/bbs/sex/M.1622748694.A.37F.html,[閒聊] 最近很紅的風流才子自拍- 看板sex,ptt.cc
https://jiayoulu.com/zh-hans/q/%E5%8F%B0%E7%81%A3pua%E7%B4%84%E7%82%AE%E5%A4%A7%E7%A5%9E%E9%A2%A8%E6%B5%81%E6%89%8D%E5%AD%90%E7%B3%BB%E5%88%97?page=16,台?pua?炮大神?流才子系列网站列表- 加油?,jiayoulu.com
https://saracorsi.com/vodlist/--%E5%8F%B0%E6%B9%BEpua%E5%A4%A7%E7%A5%9E%E9%A3%8E%E6%B5%81%E8%B4%A2%E5%AD%90-latest-1.shtml,台?pua大神?流?子??第1? - 名优?真,saracorsi.com
https://9xav.cc/watch/49117,台?pua大神?流?子超甜美萌妹女神?射?上 - 9X??,9xav.cc
https://mdcm8.com/p/27584%20md18,臺灣PUA大神風流財子泡妞達人7 國產自拍美女國產精品.麻豆 ...,mdcm8.com
https://taiav.com/cn/movie/63aad40fae7f2071687ba935,PUA大神?流?子?炮身材丰?少?出租屋啪啪性?自拍,taiav.com
https://leakav.com/videos/590/kvyfbanjrw/,台灣風流財子PUA大神免費在線觀看23,leakav.com
https://idvv.net/vodlist/--PAU%E5%A4%A7%E7%A5%9E%E9%A3%8E%E6%B5%81%E8%B4%A2%E5%AD%90-latest-1.shtml,PAU大神?流?子??第1? - 私密保健,idvv.net
https://tktube.com/search/pua-%E9%A2%A8%E6%B5%81%E6%89%8D%E5%AD%90-%E5%85%A7%E5%B0%84/,Search Results for pua 風流才子內射,tktube.com
https://www.haose.xxx/videos/34500/pua-13/,台?PUA大神?流?子泡妞?人13,haose.xxx
https://huangse.love/zh-mo/q/pua%E5%A4%A7%E7%A5%9E+%E5%8F%B0%E7%81%A3%E9%A2%A8%E6%B5%81%E8%B2%A1%E5%AD%90?page=13,pua大神台灣風流財子網站列表,huangse.love
https://bidong9.com/vodplay/374189-1-1.html,精品泄密流出台?PUA大神?流?子?炮??清?女大?生第 ...,bidong9.com
https://www.fengyuetongtian.com/vodplay/275693-1-1.html,精品泄密流出台?PUA大神?流?子自拍-?啪超甜美萌妹女神 ...,fengyuetongtian.com
https://x99pa.xyz/watch/49117,台?pua大神?流?子超甜美萌妹女神?射?上 - 99啪x99pa.xyz,x99pa.xyz
https://tw.xchina.co/torrent/id-61231a34a820a.html,臺灣PUA約炮大神風流才子係列35部合集- 下載,tw.xchina.co
https://chain.tanseb.com/videos/34305/pua-14/,台?PUA大神?流?子泡妞?人14 - 好色谷,chain.tanseb.com
http://www.whzsfy.com/videos/play/14825,精品泄密流出台?PUA大神?流?子?炮自拍清?JK制服美女 ...,whzsfy.com
https://tw.xsz-av.com/video/118736/%E5%8F%B0%E7%81%A3pua%E5%A4%A7%E7%A5%9E%E9%A2%A8%E6%B5%81%E8%B2%A1%E5%AD%90%E7%B4%84%E7%82%AE%E8%87%AA%E6%8B%8D-%E6%B8%85%E7%B4%94jk%E5%88%B6%E6%9C%8D%E7%BE%8E%E5%A5%B3%E5%A4%A7%E5%AD%B8%E7%94%9F%E5%87%BA%E9%8F%A1,台灣PUA大神風流財子約炮自拍清純JK制服美女大學生出鏡,tw.xsz-av.com
https://www.javffm.com/drama/%E5%9C%8B%E7%94%A2%E5%8A%87%E6%83%85%E5%8F%B0%E7%81%A3pua%E5%A4%A7%E7%A5%9E%E9%A2%A8%E6%B5%81%E8%B2%A1%E5%AD%90%E7%B4%84%E7%82%AE%E8%87%AA%E6%8B%8D-%E6%B8%85%E7%B4%94jk%E5%88%B6%E6%9C%8D%E7%BE%8E/,[國產劇情]台灣PUA大神風流財子約炮自拍清純JK制服美女 ...,javffm.com
https://avjoy.me/video/26979/%E9%A2%A8%E6%B5%81%E8%B2%A1%E5%AD%90pua%E5%A4%A7%E7%A5%9E-%E5%8D%97%E6%A9%98%E5%AD%90-%E6%B8%85%E7%B4%94jk%E5%88%B6%E6%9C%8D%E7%BE%8E%E5%A5%B3%E5%A4%A7%E5%AD%B8%E7%94%9F%E5%87%BA%E9%8F%A1720p%E9%AB%98%E6%B8%85%E7%89%88-%E5%8D%97%E6%A9%98%E5%AD%90-south-tangerinr-%E9%A2%A8%E6%B5%81%E8%B2%A1%E5%AD%90-%E8%87%AA%E6%8B%8D-%E5%8F%B0%E7%81%A3,風流財子PUA大神南橘子清純JK制服美女大學生出鏡720P ...,avjoy.me
https://www.pornlulu.com/v/8mYKM,[國產劇情]台灣PUA大神風流財子約炮自拍清純JK制服美女 ...,pornlulu.com
https://aslust.com/videos/1180/Taiwan-Merry-and-Rich-AV-leaked/,台?PUA大神?流?子?炮自拍清?JK制服美女大?生出? ...,aslust.com
http://video.sex169.org/video/91359/-pua-jk-/,台灣PUA大神風流財子約炮自拍清純JK制服美女大學生出鏡,video.sex169.org
https://wahas.com/zh/watch?v=g_7HOiL-bl6,台灣PUA大神風流財子約炮自拍清純JK制服美女大學生出鏡,wahas.com
https://wahas.com/en/watch?v=gEjv7RLJmI6,台?PUA大神?流?子?炮自拍清?JK制服美女大?生出?,wahas.com
https://eyny.com/Cp/watch?v=CW7vrQCDazO,台灣PUA大神風流財子約炮自拍清純JK制服美女大學生出鏡 ...,eyny.com
https://bttzyw.info/?s=vod-read-id-31740.html,正在播放[???情]台?PUA大神?流?子?炮自拍清?JK制服 ...,bttzyw.info
https://tw.xchina.co/torrent/id-6130bd0756e9d.html,精品泄密流出臺灣PUA大神風流財子約炮自拍??清純JK制服 ...,tw.xchina.co
http://www.whzsfy.com/videos/play/14825,精品泄密流出台?PUA大神?流?子?炮自拍清?JK制服美女 ...,whzsfy.com
https://tw.xchina.co/torrent/id-611650fbc4a8a.html,精品泄密流出臺灣PUA大神風流財子約炮自拍??清純JK制服 ...,tw.xchina.co
https://www.caoav.net/thread-1980165.htm,精品泄密流出台?PUA大神?流?子?炮自拍清?JK制服美女 ...,caoav.net
https://www.video01.org/mp4/J205W,台灣PUA大神風流財子約炮自拍清純JK制服美女大學生出鏡 0,video01.org
https://pt46app.com/2048/simple/?t3928587.html,台?PUA大神?流?子?炮自拍清?JK制服美女大?生出?,pt46app.com
https://126728.net/voddetail/64671.shtml,台?PUA大神?流?子?炮自拍清?JK制服美女大?生出?,126728.net
https://zuise.co/video/39819,《[???情]台?PUA大神?流?子?炮自拍清?JK制服美女 ...,zuise.co
https://x99av.com/video/211534,精品泄密流出台?PUA大神?流?子?炮自拍??清?JK制服 ...,x99av.com
https://www.bidong01.com/vodplay/347025-1-1.html,[???情]台?PUA大神?流?子?炮自拍清?JK制服美女 ...,bidong01.com
https://www.mao3dy19.com/vodplay/884734-1-1.html,[???情]台?PUA大神?流?子?炮自拍清?JK制服美女 ...,mao3dy19.com
https://removetips.net/vodplay/284465.shtml,台?PUA大神?流?子?炮自拍清?JK制服美女大?生出?,removetips.net
https://hjd2048.com/2048/state/m/279/2108/3928587.html,台?PUA大神?流?子?炮自拍清?JK制服美女大?生出?,hjd2048.com
https://aakkanjobs.com/details/03gnsaiqlz.html,台?PUA大神?流?子?炮自拍清?JK制服美女大?生出?,aakkanjobs.com
https://69av.one/video/211534,精品泄密流出台?PUA大神?流?子?炮自拍??清?JK制服 ...,69av.one
https://fcclr.com/vodplay/361739.shtml,台?PUA大神?流?子?炮自拍清?JK制服美女大?生出?-播放,fcclr.com
https://www.pornfind.org/zh-hans/preview/3278472,台?PUA大神?流?子?炮自拍清?JK制服美女大?生出?,pornfind.org
http://www.sanji.link/ecdkm-1341172.jsp,台?PUA大神?流?子?炮自拍清?JK制服美女大?生出? ...,sanji.link
https://rottweilerchat.com/voddetail/370040.shtml,精品泄密流出台?PUA大神?流?子?炮自拍清?JK制服美女 ...,rottweilerchat.com
https://www.ptt.sex/PX1Mr.video,台灣PUA大神風流財子約炮自拍清純JK制服美女大學生出鏡-10,ptt.sex
https://bcr1.com/voddetail/386362.shtml,台灣富二代風流財子酒店約炮自拍～清純JK制服美女大學生出鏡…,bcr1.com
https://cn.telegram-porn.com/catalog/channels/olddriverschannel/10253,[????] 台?PUA大神?流?子?炮自拍清?JK制服美女 ...,cn.telegram-porn.com
https://www.dmmgirl.com/d0517c157ce49268017ceec6e13e560e.html,[???情]台?PUA大神?流?子?炮自拍清?JK制服美女 ...,dmmgirl.com
https://mtd4u.com/voddetail/383700.shtml,台灣富二代風流財子酒店約炮自拍～清純JK制服美女 ... - 勾引明星,mtd4u.com
https://www.xym747.com/archives/58443,精品泄密流出台?PUA大神?流?子?炮自拍清?JK制服美女 ...,xym747.com
https://www.cool18.com/bbs3/index.php?app=forum&act=threadview&tid=14322552,精品泄密流出台?PUA大神?流?子?炮自拍清?JK制服 ...,cool18.com
https://brourou.com/voddetail/383700.shtml,台灣富二代風流財子酒店約炮自拍～清純JK制服美女大學生露臉 ...,brourou.com
https://sukebei.nyaa.si/view/3439515,精品泄密流出台?PUA大神?流?子?炮自拍??清?JK制服 ...,sukebei.nyaa.si
https://www.38dmitaotun.com/videos/8024/jk10/,[??]台?富二代?流?子酒店?炮自拍，清?JK制服美女 ...,38dmitaotun.com
https://u9a9.com/view/2/853b77b11cdad4eb63fa6efed218045e204cfb47,【新片速遞】精品泄密流出台?PUA大神?流?子?炮自拍 ...,u9a9.com
https://www.pornbest.org/q/%E9%A2%A8%E6%B5%81%E8%B2%A1,風流財- 情色視頻網站,pornbest.org
https://www.tasexy.top/tags/85538-1.html,台?大?--第1?,tasexy.top
https://www.tasexy.com/tags/8113.html,?子53???,tasexy.com
https://mise.one/video/211534,精品泄密流出台?PUA大神?流?子?炮自拍??清?JK ... - 秘色,mise.one
https://tw.xszav3.com/video/117710/%E9%A2%A8%E6%B5%81%E8%B2%A1%E5%AD%9012056785-720p,風流財子12056785 720p,tw.xszav3.com
https://whichav.video/q/pua+%E5%A4%A7%E7%A5%9E+%E9%A2%A8%E6%B5%81%E8%B2%A1%E5%AD%9011?page=1,pua 大神風流財子11網站列表,whichav.video
https://cn.xmorex.com/search/videos/%E9%A2%A8%E6%B5%81%E6%89%8D%E5%AD%90%E5%8E%9F%E5%89%B5-%E5%8F%B0%E7%81%A3/chinese,風流才子原創台灣,cn.xmorex.com
http://146.19.24.47:8000/search-%E9%A3%8E%E6%B5%81%E8%B4%A2%E5%AD%90jk-0-4-1.html,?流?子jk -移花?-武林禁地，?人禁止入?,146.19.24.47:8000
https://www.fengyuetongtian.com/voddetail/354712.html,台灣富二代風流財子酒店約炮自拍～清純JK制服美女大學生出鏡…,fengyuetongtian.com
https://laowang.vip/search/s.php?q=%E5%8F%B0%E6%B9%BEpua,台?pua_老王??,laowang.vip
https://wv.sis.la/forum/redirect.php?fid=187&tid=11077569&goto=nextoldset&styleid=25,精品泄密流出台?PUA大神?流?子?炮自拍??清?JK制服 ...,wv.sis.la
https://deanesmachines.com/vodlist/--jk%E5%8F%B0%E6%B9%BE%E5%AD%A6%E7%94%9F%E9%80%83%E8%AF%BE-latest-2.shtml,jk台??生逃???第2? - ?家极品,deanesmachines.com
https://theporn.cc/video/49117,台?pua大神?流?子超甜美萌妹女神?射?上 - ThePorn,theporn.cc
https://www.qinav.com/search/118680.html,?流成人色情??QinAV免?在??看,qinav.com
https://doyleshd.com/vodlist/--%E5%8F%B0%E6%B9%BE%E6%B3%A1%E5%A6%9E%E5%A4%A7%E7%A5%9EPUA-latest-1.shtml,台?泡妞大神PUA ??第1?-巨物,doyleshd.com
https://www.38dmitaotun81.com/videos/8024/jk10/,[??]台?富二代?流?子酒店?炮自拍，清?JK制服 ... - 百花?,38dmitaotun81.com
https://bbs.d3o8.com/2048/read.php?fid=43&tid=3853159&toread=1,台?PUA大神?流?子?炮自拍清?JK制服美女大?生出?,bbs.d3o8.com
https://www.miliav.com/video/326893.html,台?富二代?流?子酒店?炮自拍～清?JK制服美女大?生 ...,miliav.com
https://91porn.work/video/hd/64909,台?pua大神?流?子??00后舞蹈系大?美女各种高?度解? ...,91porn.work
https://kissjav.com/zh/157877/%E5%8F%B0%E6%B9%BEpua%E5%A4%A7%E7%A5%9E%E9%A3%8E%E6%B5%81%E8%B4%A2%E5%AD%90%E7%BA%A6%E7%82%AE%E8%87%AA%E6%8B%8D-%E6%B8%85%E7%BA%AFjk%E5%88%B6%E6%9C%8D%E7%BE%8E%E5%A5%B3%E5%A4%A7%E5%AD%A6%E7%94%9F%E5%87%BA%E9%95%9C/?playlist=38926,台?PUA大神?流?子?炮自拍清?JK制服美女大?生出?,kissjav.com
https://18porn.cc/video/23488.html,本土自拍台灣PUA大神風流財子豪華新作約操漂亮美乳 ...,18porn.cc
https://yamanokuni.com/list/1983968188/,口舌舔奶-色色网AV,yamanokuni.com
https://tw.xszav1.com/video/117711/%E9%A2%A8%E6%B5%81%E8%B2%A1%E5%AD%9012060791-720p,風流財子12060791 720p,tw.xszav1.com
https://tireloc.com/vodplay/88871.shtml,台?PUA大神?流?子?炮自拍清?JK制服美女大?生出?-播放,tireloc.com
https://ubclbs1.com/vodplay/457928.shtml,台?pua泡妞?人?流?子自拍作品 - 妹穴优?,ubclbs1.com
https://hsck12.live/view/?id=se8x612x,??情色台灣富二代風流財子酒店約炮自拍～清純JK制服 ...,hsck12.live
https://tw.xszav2.com/search/videos/%E5%8F%B0%E6%B9%BEPUA%E5%A4%A7%E7%A5%9E+%E9%A3%8E%E6%B5%81%E8%B4%A2%E5%AD%90,台?PUA大神?流?子- XSZAV2.COM,tw.xszav2.com
https://tw.xsz-av.com/video/118730/%E5%8F%B0%E7%81%A3pua%E5%A4%A7%E7%A5%9E%E9%A2%A8%E6%B5%81%E8%B2%A1%E5%AD%90-%E8%B6%85%E7%94%9C%E7%BE%8E%E8%90%8C%E5%A6%B9%E5%A5%B3%E7%A5%9E%E9%A1%8F%E5%B0%84%E8%87%89%E4%B8%8A,台灣PUA大神風流財子超甜美萌妹女神顏射臉上,tw.xsz-av.com
https://tube53.com/videos/3925/Taiwan-PUA-23/,台灣PUA風流財子約炮大神風流才子系列合集- 23集,tube53.com
https://tube53.com/videos/3735/Appointment-Cannon-Tender-Girl-34/,台灣PUA約炮大神風流才子系列約炮嫩妹酒店做愛--34,tube53.com
https://theporn.cc/video/49117,台?pua大神?流?子超甜美萌妹女神?射?上 - ThePorn,theporn.cc
https://18porn.cc/video/23488.html,本土自拍台灣PUA大神風流財子豪華新作約操漂亮美乳 ...,18porn.cc
https://ohoav.com/videos/354/tai-wan-PUA-da-shen-7/,台灣PUA大神風流財子泡妞達人鼻釘美女7,ohoav.com
https://mdcm8.com/p/27584%20md18,臺灣PUA大神風流財子泡妞達人7 國產自拍美女國產精品.麻豆 ...,mdcm8.com
https://kissjav.li/playlist/47687/%E5%8F%B0%E6%B9%BEpua%E5%A4%A7%E7%A5%9E%E9%A3%8E%E6%B5%81%E8%B4%A2%E5%AD%90/,台?PUA大神?流?子Playlist - KissJAV,kissjav.li
https://www.pornbest.org/q/%E5%8F%B0%E7%81%A3pua%E5%A4%A7%E7%A5%9E%E9%A2%A8%E6%B5%81%E8%B2%A1%E5%AD%90,台灣pua大神風流財子- 情色視頻網站,pornbest.org
https://taiav.com/cn/movie/63aad40fae7f2071687ba935,PUA大神?流?子?炮身材丰?少?出租屋啪啪性?自拍,taiav.com
https://iwant-sex.com/video/24152.html,中文成人手機娛樂網站提供免費在線高畫質成人影片 ... - 18porn,iwant-sex.com
https://aslust.com/tags/3da56a44b793f071a0126cc3b92a643d/,???風流財子的新??,aslust.com
https://www.javffm.com/drama/%E5%9C%8B%E7%94%A2%E5%8A%87%E6%83%85%E5%8F%B0%E7%81%A3pua%E5%A4%A7%E7%A5%9E%E9%A2%A8%E6%B5%81%E8%B2%A1%E5%AD%90%E7%B4%84%E7%82%AE%E8%87%AA%E6%8B%8D-%E6%B8%85%E7%B4%94jk%E5%88%B6%E6%9C%8D%E7%BE%8E/,[國產劇情]台灣PUA大神風流財子約炮自拍清純JK制服美女 ...,javffm.com
https://tw.xszav3.com/video/117155/%E5%8F%B0%E7%81%A3%E5%A4%A7%E7%A5%9E%E9%A2%A8%E6%B5%81%E8%B2%A1%E5%AD%90-33,台灣大神風流財子-33 - XSZ AV,tw.xszav3.com
http://www.eyny.com/channel/UCXVtaFCKWX/tag/PUA%E5%A4%A7%E7%A5%9E%E9%A2%A8%E6%B5%81%E8%B2%A1%E5%AD%90%E7%B4%84%E7%82%AE%E8%87%AA%E6%8B%8D,PUA大神風流財子約炮自拍- 搜尋- 伊莉影片區,eyny.com
https://x99pa.xyz/watch/49117,台?pua大神?流?子超甜美萌妹女神?射?上 - 99啪x99pa.xyz,x99pa.xyz
https://wahas.com/en/watch?v=gEjv7RLJmI6,台?PUA大神?流?子?炮自拍清?JK制服美女大?生出?,wahas.com
http://video.sex169.org/video/91359/-pua-jk-/,台灣PUA大神風流財子約炮自拍清純JK制服美女大學生出鏡,video.sex169.org
https://bidong9.com/vodplay/374189-1-1.html,精品泄密流出台?PUA大神?流?子?炮??清?女大?生第 ...,bidong9.com
https://www.91rb.net/videos/76871/pua-1080p2/,精品泄密流出台?PUA大神?流?子自拍-?啪??超甜美萌 ...,91rb.net
https://zuise.co/video/39819,《[???情]台?PUA大神?流?子?炮自拍清?JK制服美女 ...,zuise.co
https://126728.net/voddetail/64671.shtml,台?PUA大神?流?子?炮自拍清?JK制服美女大?生出?,126728.net
https://feise.xyz/video/64909,台?pua大神?流?子??00后舞蹈系大?美女各种高 ... - ?色,feise.xyz
https://bttzyw.info/?s=vod-read-id-31740.html,正在播放[???情]台?PUA大神?流?子?炮自拍清?JK制服 ...,bttzyw.info
https://whichav.video/q/%E5%8F%B0%E7%81%A3pua%E7%B4%84%E7%82%AE%E5%A4%A7%E7%A5%9E%E9%A2%A8%E6%B5%81%E8%B2%A1%E5%AD%90%E7%B3%BB%E5%88%97?page=4,台灣pua約炮大神風流財子系列網站列表,whichav.video
https://x99av.com/video/49117,台?pua大神?流?子超甜美萌妹女神?射?上,x99av.com
https://tw.xchina.co/torrent/id-6130bd0756e9d.html,精品泄密流出臺灣PUA大神風流財子約炮自拍??清純JK制服 ...,tw.xchina.co
https://69av.one/video/49117,台?pua大神?流?子超甜美萌妹女神?射?上 - 69AV,69av.one
https://www.miliav.com/video/315757.html,台?PUA大神?流?子泡妞?人11,miliav.com
https://www.video01.org/mp4/J205W,台灣PUA大神風流財子約炮自拍清純JK制服美女大學生出鏡 0,video01.org
https://avjoy.me/video/24232/%E5%8F%B0%E6%B9%BE%E5%A4%A7%E7%A5%9E%E9%A3%8E%E6%B5%81%E8%B4%A2%E5%AD%90%E7%BA%A6%E7%82%AE%E9%9D%92%E6%98%A5%E7%97%98%E5%A5%B3%E5%AD%A9%E9%A2%9C%E5%80%BC%E4%B8%8D%E9%AB%98%E4%BD%86%E7%9C%9F%E5%AE%9E,台?大神?流?子?炮青春痘女孩?值不高但真?,avjoy.me
https://www.pornfind.org/find/%E9%A2%A8%E6%B5%81%E8%B2%A1%E5%AD%90pua,風流財子pua,pornfind.org
https://laowang.vip/forum.php?mod=viewthread&tid=421714,台?大神?流?子?炮自拍第十季Vol.10 大?美女【3.2G】,laowang.vip
https://cn.telegram-porn.com/catalog/channels/olddriverschannel/10253,[????] 台?PUA大神?流?子?炮自拍清?JK制服美女 ...,cn.telegram-porn.com
https://66lu.link/watch/211534,精品泄密流出台?PUA大神?流?子?炮自拍??清?JK制服 ...,66lu.link
https://www.qinav.com/search/703907.html,台?大神?流?子成人色情??QinAV免?在??看,qinav.com
https://removetips.net/vodplay/284465.shtml,台?PUA大神?流?子?炮自拍清?JK制服美女大?生出?,removetips.net
https://www.dlb330.xyz/s/%E5%8F%B0%E6%B9%BEpua%E5%A4%A7%E7%A5%9E%E9%A3%8E%E6%B5%81%E8%B4%A2%E5%AD%90%E8%8D%A3%E8%AA%89%E4%BD%B3%E4%BD%9C%E7%AC%AC16%E9%83%A8.html,台?pua大神?流?子??佳作第16部- 第1?,dlb330.xyz
https://www.gfhyu.com/HD/gtm3ayv6e6f782d.html,台灣PUA大神風流財子約炮自拍-原味俱?部,gfhyu.com
https://weav.xyz/search/%E5%8F%B0%E6%B9%BE%E9%A3%8E%E6%B5%81%E8%B4%A2%E5%AD%90,台??流?子搜索?果 - WeAV,weav.xyz
https://spankbang.com/s/%E7%B4%84%E7%82%AE%E5%A4%A7%E7%A5%9E%E9%A2%A8%E6%B5%81%E8%B2%A1%E5%AD%90/?o=top,約炮大神風流財子porn videos,spankbang.com
https://fcclr.com/vodplay/361739.shtml,台?PUA大神?流?子?炮自拍清?JK制服美女大?生出?-播放,fcclr.com
https://tw.xmorex.com/search/videos/%E5%8F%B0%E7%81%A3%20%E9%A2%A8%E6%B5%81%E8%B2%A1%E5%AD%90,台灣風流財子,tw.xmorex.com
https://soav.com/search/%E5%8F%B0%E6%B9%BEPUA%E5%A4%A7%E7%A5%9E-%E9%A3%8E%E6%B5%81%E8%B4%A2%E5%AD%90-%E6%B3%A1%E5%A6%9E%E8%BE%BE%E4%BA%BA17.html,台?PUA大神?流?子泡妞?人17色情片 - SOAV,soav.com
https://imyyds.com/voddetail/624440.html,《台?PUA大神?流?子??00后舞蹈系大?美女各种高?度 ...,imyyds.com
https://www.ptt.cc/bbs/sex/M.1622748694.A.37F.html,[閒聊] 最近很紅的風流才子自拍- 看板sex,ptt.cc
https://www.mao3dy19.com/vodplay/884734-1-1.html,[???情]台?PUA大神?流?子?炮自拍清?JK制服美女 ...,mao3dy19.com
https://11lu.cc/vod/search/wd/%E5%8F%B0%E6%B9%BEPUA%E5%A4%A7%E7%A5%9E/,台?PUA大神搜索?果,11lu.cc
https://rottweilerchat.com/voddetail/370040.shtml,精品泄密流出台?PUA大神?流?子?炮自拍清?JK制服美女 ...,rottweilerchat.com
https://www.ptt.sex/mWYV3.video,精品泄密流出台灣PUA大神風流財子約炮??清純女大學生第 ...,ptt.sex
https://stouffvilleonline.com/vodlist/--%E5%8F%B0%E6%B9%BEPUA%E5%A4%A7%E7%A5%9E%20%E9%A3%8E%E6%B5%81%E8%B4%A2%E5%AD%90-latest-1.shtml,台?PUA大神?流?子 - 日常日??,stouffvilleonline.com
https://www.pornlulu.com/zh-hans/v/77En0,露?才是王道！台?大神?流?子?炮各种露?美女啪啪 ...,pornlulu.com
https://www.jieav.com/play/693831.html,精品泄密流出台?PUA大神?流?子?炮??清?女大?生第 ...,jieav.com
https://thepornbest.com/q/%E5%8F%B0%E7%81%A3pua,台灣pua網站列表,thepornbest.com
https://tw.xszav.club/search/videos/%E9%A2%A8%E6%B5%81%E6%89%8D%E5%AD%90%E5%8F%B0%E7%81%A3,風流才子台灣 - XSZ AV,tw.xszav.club
https://qingse.one/zh/q/pua%E9%A2%A8%E6%B5%81%E6%89%8D%E5%AD%90,pua風流才子網站列表,qingse.one
http://www.sewangchao3.com/thread-1076534-1-1.html,精品泄密流出台?PUA大神?流?子?炮自拍清?JK制服 ...,sewangchao3.com
https://www.fengyuetongtian.com/vodplay/275693-1-1.html,精品泄密流出台?PUA大神?流?子自拍-?啪超甜美萌妹女神 ...,fengyuetongtian.com
https://sis001.com/forum/thread-11070925-1-1.html,【超精品爆炸泄密】台?大神?流?子?炮自拍精?35部合集 ...,sis001.com
https://www.haose.xxx/videos/34500/pua-13/,台?PUA大神?流?子泡妞?人13,haose.xxx
https://kg0999.com/?p=33681,精品TW-PUA大神風流財子約炮自拍??清純JK美女大學生 ...,kg0999.com
https://szhmjys.com/vodlist/--PUA%E5%A4%A7%E7%A5%9EJK-latest-1.shtml,PUA大神JK ??第1?,szhmjys.com
https://aircrashseries.com/vodlist/--%E5%8F%B0%E6%B9%BEpua%E7%BA%A6%E7%82%AE-latest-1.shtml,台?pua?炮??第1?-稀缺?源,aircrashseries.com
https://googlewk.com/thread-3435248-1-1.html,精品泄密流出台?PUA大神?流?子?炮自拍清?JK制服美女 ...,googlewk.com
https://richardlipsey.com/vodplay/353293.shtml,精品泄密流出台?PUA大神?流?子?炮??清?女 ... - 逼痒滴,richardlipsey.com
https://www.fytt1.com/voddetail/334969.html,露?才是王道！台?大神?流?子?炮各种露?美女啪啪自拍4,fytt1.com
http://www.xxxbullet.com/tags/4912224/%E9%A2%A8%E6%B5%81%E8%B2%A1%E5%AD%90,風流財子,xxxbullet.com
https://lululu.one/q/pua%E9%A2%A8%E6%B5%81%E8%B2%A1%E5%AD%9036?page=13,pua風流財子36網站列表,lululu.one
https://nnr1.cc/vod/search/wd/PUA/,PUA搜索?果- 牛牛?- ?里只有精品,nnr1.cc
https://chain.tanseb.com/videos/34547/pua-15/,台?PUA大神?流?子泡妞?人15 - 好色谷,chain.tanseb.com
https://tktube.com/search/%E8%B6%85%E7%B2%BE%E5%93%81%E6%B4%A9%E5%AF%86-PUA%E5%A4%A7%E7%A5%9E-%E5%8F%B0%E7%81%A3%E9%A2%A8%E6%B5%81%E8%B2%A1%E5%AD%90/,Search Results for 超精品洩密PUA大神台灣風流財子,tktube.com
https://www.91rb.com/videos/78956/4k108/,?操漂亮美乳台政法大?美女校花?套操爽到高潮完美露? ...,91rb.com
https://gcfuck.uno/p/27699%20gc19,臺灣PUA大神風流財子泡妞達人13 國產自拍美女國產成人視頻 ...,gcfuck.uno
http://qa12.com/videos/play/14825,精品泄密流出台?PUA大神?流?子?炮自拍清?JK制服美女 ...,qa12.com
https://www.hubff.com/view.php?cid=2&vid=MzcwNw==&vname=%E5%8F%B0%E7%81%A3PUA%E7%B4%84%E7%82%AE%E5%A4%A7%E7%A5%9E%E9%A2%A8%E6%B5%81%E6%89%8D%E5%AD%90%20%E4%B8%8D%E6%83%9C%E9%87%91%E9%8C%A2%E5%85%AD%E4%BD%8D%E6%95%B8%E7%B4%84%E6%8B%8D%E5%8C%97%E9%83%A8%E5%9C%8B%E7%AB%8B%E5%A4%A7%E5%AD%B8%E9%AB%98%E9%A1%8F%E5%80%BC%E8%B1%AA%E4%B9%B3%E5%AD%B8%E7%94%9F%E5%A6%B9,台灣PUA約炮大神風流才子不惜金錢六位數約拍北部國立 ...,hubff.com
http://pho1988.com/?m=vod-detail-id-94053.html,《精品泄密流出台?PUA大神?流?子?炮??清?女大?生第 ...,pho1988.com
https://www.69re.net/videos/36359/pua15/,最新流出PUA大神風流財子番外篇約炮身材豐滿的新竹少婦對白 ...,69re.net
https://a227h.com/pw/read-htm-tid-6882210.html,精品泄密流出台?PUA大神?流?子?炮??清?女大?生,a227h.com
https://yamanokuni.com/list/1983968188/,口舌舔奶-色色网AV,yamanokuni.com
https://avbb.com/videos/56709/pua-1080p3/,精品泄密流出臺灣PUA大神風流財子自拍-約啪??超甜美萌妹 ...,avbb.com
https://lightdancestudio.com/vodlist/--%E5%8F%B0%E6%B9%BEpua%E5%A4%A7%E7%A5%9E%E9%A3%8E%E6%B5%81%E8%B4%A2%E5%AD%90-latest-1.shtml,台?pua大神?流?子??第1? - 甜豆??,lightdancestudio.com
https://tireloc.com/vodlist/---latest-1.shtml?q=PUA%E5%A4%A7%E7%A5%9E%E9%A3%8E%E6%B5%81%E8%B4%A2%E5%AD%90,PUA大神?流?子??第1?,tireloc.com
https://www.fuli35.lv/index.php/archive.html,?史查找,fuli35.lv
https://www.zcaqai.com/post/s-w-a-g---z-n-w-y-s-m-f-w-d-x-s-g-x-g-l-m-n-p-f-f-1-v-1-2-9-g.html,格?分享社- 404 - Not Found,zcaqai.com
https://www.zcaqai.com/post/h-z-y-z-y-e-a---d-y-x-l-1-1-.-2-8-g-x-[-1-1-P-1-2-V-].html,格?分享社- 404 - Not Found,zcaqai.com
https://679seav.com/play/218197-5-1.html,精品泄密流出台?PUA大神?流?子自拍-?啪超甜美萌妹 ...,679seav.com
https://www.books.com.tw/products/E050172797,哈姆奈特【奧斯卡最佳導演趙婷改編影視．作者印簽扉頁】 ...,books.com.tw
https://luckju.com/applydetail.asp?class_id=757&say_id=16&Page=2,金門大高雄小販職業工會│金門職訓課程,luckju.com
https://www.gvm.com.tw/article/77977,《游牧人生》強勢問鼎奧斯卡！華裔才女導演趙婷挑戰影史紀錄,gvm.com.tw
http://www.lohaforest.com/order/check_single.php?date=2023-06-24,南投樂活森林露營地-台中南投露營區-南投露營地露營訂位,lohaforest.com
https://www.rfi.fr/tw/%E4%B8%AD%E5%9C%8B/20210426-%E8%A6%96%E9%A0%BB-%E5%89%B5%E9%80%A0%E6%AD%B7%E5%8F%B2-%E8%8F%AF%E8%A3%94%E5%B0%8E%E6%BC%94%E8%B6%99%E5%A9%B7%E7%8D%B2%E5%BE%97%E4%BB%8A%E5%B9%B4%E5%A5%A7%E6%96%AF%E5%8D%A1%E6%9C%80%E4%BD%B3%E5%B0%8E%E6%BC%94%E7%8D%8E,【視頻】創造歷史華裔導演趙婷獲得奧斯卡最佳導演獎,rfi.fr
https://www.kumopillow.com/,故事枕,kumopillow.com
https://www.rfi.fr/tw/%E4%B8%AD%E5%9C%8B/20210412-%E5%8F%97%E4%B8%AD%E5%9C%8B%E5%B0%81%E6%AE%BA-%E8%B6%99%E5%A9%B7-%E6%B5%AA%E8%B7%A1%E5%A4%A9%E5%9C%B0-%E5%A5%AA%E8%8B%B1%E5%9C%8B%E9%9B%BB%E5%BD%B1%E5%AD%B8%E9%99%A2%E7%8D%8E4%E5%A4%A7%E7%8D%8E,受中國封殺趙婷《浪跡天地》奪英國電影學院獎4大獎,rfi.fr
https://meihsiu.com/union2/applydetail.asp?class_id=1452&joinus=16&Page=6,台中市租賃住宅服務業職業工會/專辦投保勞工保險加健保,meihsiu.com
https://m.wfxs.tw/xs-1355091.html,都市神級高手高飛趙婷,m.wfxs.tw
https://news.agentm.tw/172688/,點兵點將點到趙婷執導《永恆族》: 讓漫威影業總裁凱文費吉 ...,news.agentm.tw
https://today.line.me/tw/v2/article/MlnDQV,史上第一位亞裔女導演！趙婷《游牧人生》拿下奧斯卡最佳 ...,today.line.me
https://www.worldgymtaiwan.com/news-in/official-events/july-wgfd,世界運動日-週週抽10萬，最大獎50萬（10/06中獎名單出爐！）,worldgymtaiwan.com
https://www.madamefigaro.hk/art/%E8%B6%99%E5%A9%B7-%E5%A5%A7%E6%96%AF%E5%8D%A1-%E6%B5%AA%E8%B7%A1%E5%A4%A9%E5%9C%B0-%E6%9C%80%E4%BD%B3%E5%A5%B3%E5%B0%8E%E6%BC%94-48144/,趙婷，5件事認識首位奧斯卡華裔最佳女導演｜被譽 ...,madamefigaro.hk
https://www.elle.com/tw/entertainment/drama/g35720057/nomadland-movie-preview/,《游牧人生》沒有終點的公路旅行：「別人都覺得你怪,elle.com
https://webimage.everprobks.com/rich_magazine/2012/rich63_full/RICH_63.pdf,陳凱倫×趙婷,webimage.everprobks.com
https://www.beautimode.com/article/content/88327/,《游牧人生》強勢問鼎奧斯卡！華裔才女導演趙婷挑戰影史 ...,beautimode.com
https://www.setn.com/News.aspx?NewsID=931462,「辱華」門檻有多低？王婉諭揭趙婷一句話：擊碎中國玻璃心,setn.com
https://www.yes123.com.tw/admin/beaconlight/index.asp,求職光明燈,yes123.com.tw
https://www.wazaiii.com/articles?id=fashion-2022-met-gala-in-america-an-anthology-of-fashion,2022 Met Gala《美國：時尚選集》3大亮點全解析！集結 ...,wazaiii.com
https://news.ttv.com.tw/news/11003010001000W/amp,黑豹遺作奪影帝華裔女導趙婷獲最佳導演,news.ttv.com.tw
https://www.nova.com.tw/award/64d331392a2e7,NOVA電競嘉年華-送你三星S23 Ultra,nova.com.tw
https://cw-db2.cwmoney.net/magezine/article/614,從投資冒險王到保守穩健族趙婷不借錢投資賺更多,cw-db2.cwmoney.net
https://twitter.com/nytchinese/status/1386870213925240836?lang=zh-Hant,????中文网,twitter.com
https://m.orangenews.hk/details?recommendId=152116,【金球獎】中國女導演趙婷憑《無依之地》獲獎創造歷史 ...,m.orangenews.hk
https://www.esquire.tw/tab/524/id/36518,趙婷《游牧人生》橫掃「影評人票選獎」最佳影片與最佳導演,esquire.tw
https://www.voohk.com/topic/33567/%E8%AB%8B%E5%95%8F%E6%9C%89%E4%BA%BA%E6%9C%89%E7%9F%A5%E9%81%93%E8%B6%99xx-%E4%BB%8A%E5%B9%B4xx%E6%AD%B2%E4%BD%8F%E5%8F%B0%E5%8C%97%E5%97%8E,請問有人有知道趙xx 今年xx歲住台北嗎,voohk.com
https://www.nexttv.com.tw/NextTV/News/Home/WorldNews/2021-03-05/393480.html,中國充滿謊言...華裔導演趙婷言談惹議金球獎電影慘遭「消失」,nexttv.com.tw
https://woman.tvbs.com.tw/entertainment/23639,奧斯卡最大贏家！趙婷《游牧人生》勇奪3獎：一無所有的日子,woman.tvbs.com.tw
https://www.ftvnews.com.tw/news/detail/2021427W0057,曾批「中國很多謊言」被封殺！五毛看趙婷奪奧斯卡懊悔改口,ftvnews.com.tw
https://www.wowscreen.com.tw/goods.php?goods_id=24813,趙婷自編自製自導自剪！【游牧人生】得獎數破紀錄強勢問鼎 ...,wowscreen.com.tw
https://www.benq.com/zh-tw/news/monitor/monitor-202207-screenbarhalo-promotion.html,暑假娛樂一把罩追劇電玩全都要,benq.com
https://www.wu-tau.com/rakuten/sp.html,悟饕X 樂天桃猿！熱血應援！買飯包週週抽！,wu-tau.com
https://www.thenewslens.com/article/148107,一句「中國是充滿謊言的國家」，金球獎最佳女導演趙婷從 ...,thenewslens.com
https://www.popdaily.com.tw/forum/entertainment/1209777,趙婷把漫威拍成影迷致敬電影？《永恆族》的趙婷自我流彩蛋 ...,popdaily.com.tw
https://www.singtao.ca/4876931/2021-04-11/news-%E8%8F%AF%E8%A3%94%E5%A5%B3%E5%B0%8E%E6%BC%94%E8%B6%99%E5%A9%B7%E6%86%91%E3%80%8A%E6%B5%AA%E8%B7%A1%E5%A4%A9%E6%B6%AF%E3%80%8B+%E5%8B%87%E5%A5%AA%E8%8B%B1%E5%9C%8B%E9%9B%BB%E5%BD%B1%E5%AD%B8%E9%99%A2%E6%9C%80%E4%BD%B3%E5%B0%8E%E6%BC%94/,華裔女導演趙婷憑《浪跡天涯》 勇奪英國電影學院最佳導演,singtao.ca
https://www.eslite.com/,誠品線上｜閱讀與生活的無盡想像,eslite.com
https://www.esquirehk.com/lifestyle/chole-zhao-nomadland-oscar-2021,【奧斯卡獎2021】趙婷憑《Nomadland》成史上首位華人女性奪 ...,esquirehk.com
https://www.nbd.com.cn/articles/2021-03-02/1642734.html,北京人?婷?本?金球?最佳?演,nbd.com.cn
https://www.epochtimes.com/b5/21/5/3/n12922404.htm,【秦鵬直播】趙婷強震波及迪士尼兩億打水漂？ | 習近平| 台灣,epochtimes.com
https://www.kmuh.org.tw/www/drgga/book3/K401.htm,唐宋詞選,kmuh.org.tw
https://parklanes.com.tw/4-16-%E9%A4%90%E5%BB%B3%E7%B6%B2%E8%B7%AF%E8%A8%82%E4%BD%8D%E5%BE%97%E7%8D%8E%E5%90%8D%E5%96%AE%E5%87%BA%E7%88%90%EF%BC%81/,4/16 餐廳網路訂位得獎名單出爐！,parklanes.com.tw
https://www.peoplemedia.tw/news/e9f8de68-cafe-4f45-9ef1-5eadbf038682,【台灣看天下】趙婷的《游牧人生》,peoplemedia.tw
https://podcasts.apple.com/tw/podcast/%E4%B8%AD%E5%BB%A3%E6%B5%81%E8%A1%8C%E7%B6%B2/id1642839567,中廣流行網,podcasts.apple.com
https://www.dramaqueen.com.tw/news/20210310/002.html,《游牧人生》台灣影人讚不絕口！李安四年前已被圈粉：趙婷是 ...,dramaqueen.com.tw
https://www.3m.com.tw/3M/zh_TW/automotive-window-solutions-tw/solutions/auto-window-film/MA-series/,3M極透奈米仿生汽車隔熱紙-極致隔熱透亮安全,3m.com.tw
https://www.money.com.tw/magezine/article/614,從投資冒險王到保守穩健族趙婷不借錢投資賺更多,money.com.tw
https://www.mvresort.com.tw/,山上人家,mvresort.com.tw
https://www.douyin.com/shipin/7264757004554536971,特殊嫌疑犯?婷是??的大?局,douyin.com
https://news.cts.com.tw/cts/international/202104/202104262040068.html,言論被批?辱華? 中國冷處理趙婷得獎,news.cts.com.tw
https://tw.aboluowang.com/2021/0427/1585889.html,【微博精粹】趙婷獲獎趙國尷尬世界一片讚譽家鄉死一般靜寂,tw.aboluowang.com
https://www.femh.org.tw/document/opd/202307.pdf,門診時間表- 2023年7月,femh.org.tw
https://www.google.com/mymaps/viewer?mid=1RxgodoiJcvjLASSm7RG7KUJyq3K4bcw&hl=en_US,泉州丰??哪里有美女全套服?【QQ-5220?08721】服?好,google.com
https://www.dedao.cn/ebook/detail?id=5kMLgX2vKGy7x5M8YRoDQbLgqkEeAw2yD53BNn2r6ljVPO1mX9ad4JZpzZn1RbeE,《??食降体脂》?子?在???-?婷?著,dedao.cn
https://tw.xszav2.com/search/videos/%E8%B6%99x%E5%A9%B7+12%E5%8F%B0%E5%8C%97,趙x婷12台北,tw.xszav2.com
https://www.heysong.com.tw/,黑松HeySong｜黑松股份有限公司,heysong.com.tw
https://www.mababy.com/knowledge-detail?id=2536,為愛收養趙婷晉升為媽咪,mababy.com
https://www.ctee.com.tw/news/20231014700822-431204,2023年台灣創新技術博覽會長庚大學獲2金4銀3銅佳績,ctee.com.tw
https://www.dnaav.com/video/153384.html,本土女孩?X婷可?露出全套 - ??自拍福利??DnaAV.com,dnaav.com
https://tw.nextapple.com/life/20231016/4B1A803D60D30B070F75069CFB10F927,老菸槍因禍得福！騎車摔斷肋骨意外揪出早期肺腺癌,tw.nextapple.com
https://www.zg.org.cn/zzsdihbpktsd/997531.html,拍拍拍???_-FT中文网V1.79 -磨斧作?,zg.org.cn
https://126728.net/voddetail/69183.shtml,本土女孩?X婷可?露出全套,126728.net
https://qiming.hao86.com/name/%E5%8D%A0%E6%85%A7%E5%A9%B7/,占慧婷- 2023免?名字打分 - 起名- 字典,qiming.hao86.com
https://www.westca.com/News/article/sid=966164/%E6%92%9E%E8%87%89%E8%B6%99%E9%BA%97%E7%A9%8E%E7%9A%84%E7%B6%B2%E7%B4%85_%E9%80%B2%E5%9C%88%E6%8B%8D%E6%88%B2%E7%BF%BB%E8%BB%8A%E4%BA%86_/lang=tchinese.html,撞臉趙麗穎的網紅進圈拍戲翻車了,westca.com
http://www.jyb.cn/rmtzgjyb/202310/t20231017_2111103751.html,?村校搭上教育?字化“快?”,jyb.cn
https://www.qinav.com/video/299738.html,本土女孩?X婷可?露出全套 - 免?成人色情??qinav.com,qinav.com
http://www.ce.cn/culture/gd/202310/18/t20231018_38754200.shtml,文?体育消?“花式上新”,ce.cn
https://porn87.com/main/search?name=%E8%B6%99x%E5%A9%B7&lineup=create_time&days_range=,趙x婷- Porn87?高清日本AV?線上 ...,porn87.com
https://www.bj148.org/zz1/shaq/202310/t20231010_1657779.html,??民警的?民服?“新技能”,bj148.org
http://sc.stock.cnfol.com/gushiyaowen/20231018/30437427.shtml,中?新?富混合A基金?理??：增聘?志??基金?理 - 股票,sc.stock.cnfol.com
https://www.mpweekly.com/culture/%E8%97%9D%E6%96%87/%E5%A5%A7%E6%96%AF%E5%8D%A12021-%E8%B6%99%E5%A9%B7-nomadland-178292,【奧斯卡2021】李照興解讀：誰的Nomadland？最佳導演趙婷 ...,mpweekly.com
https://zeekmagazine.com/archives/152352,趙婷執導漫威新作《永恆族》最新預告釋出！安潔莉娜裘莉,zeekmagazine.com
https://parents.hsin-yi.org.tw/Library/Article/6158,什麼是電子錢包？ - 信誼好好育兒,parents.hsin-yi.org.tw
https://fcclr.com/vodplay/32816.shtml,本土女孩?X婷可?露出全套-播放 - 公?露出,fcclr.com
https://books.google.com.tw/books?id=NVEoCQAAQBAJ&pg=PT258&lpg=PT258&dq=%E8%B6%99x%E5%A9%B7%E6%9C%AC&source=bl&ots=aHtIj_ddEP&sig=ACfU3U37aGyhdTv7EzlQ4XiKkuL1mV0Y8w&hl=zh-TW&sa=X&ved=2ahUKEwimhOy3xf6BAxWRP3AKHdBQBR04WhDoAXoECAIQAw,三俠五義: 古典武俠小說 - Google 圖書結果,books.google.com.tw
https://news.tvbs.com.tw/life/2126518,中山女高社團爆「學妹1人要拉贊7千元」！過來人全看傻,news.tvbs.com.tw
https://forum.gamer.com.tw/C.php?bsn=30861&snA=14955,心得感謝CY爸爸，這學妹(步未)真的好讚！！,forum.gamer.com.tw
https://www.setn.com/News.aspx?NewsID=1296579,女校社團成發爆「學妹1人拉贊助7000元」！校方回應了,setn.com
https://www.chinatimes.com/realtimenews/20230517006077-260405,中山女高社團爆「要求學妹拉贊助11.2萬」 網看明細氣炸,chinatimes.com
https://www.chinatimes.com/realtimenews/20230906003151-260405,學妹脫到剩內褲求愛愛威脅交往喊「第一次很珍貴」他崩潰求助,chinatimes.com
https://www.jobforum.tw/discussTopic.asp?id=343159,學姐竟回：我倒是希望你罵我，你這樣病人很危險！,jobforum.tw
https://www.mymusic.net.tw/ux/w/song/show/p000001-a0319662-s014510-t007-c1,黃鴻升(小鬼) - 學妹的歌詞,mymusic.net.tw
https://whitenusky.blog/2010/05/05/%E7%B5%A6%E8%A6%BA%E5%BE%97%E5%AD%B8%E5%A7%90%E5%BE%88%E8%A8%8E%E5%8E%AD%E7%9A%84%E5%AD%B8%E5%A6%B9%E5%80%91/,給~覺得學姐很討厭的學妹們,whitenusky.blog
https://www.books.com.tw/products/0010874556,小惡魔學妹纏上了被女友劈腿的我(1),books.com.tw
https://streetvoice.com/k2c_goodmusic/songs/675875/comments/,Less than three ft. 學妹- K2C | StreetVoice 街聲- 最潮音樂社群,streetvoice.com
https://www.marry.com.tw/marrybar/30677,本週最有趣！敲好聊學姊學妹聊不停煩悶心裡苦的寶寶請進,marry.com.tw
https://www.hk01.com/%E5%8D%B3%E6%99%82%E5%A8%9B%E6%A8%82/780722/43%E6%AD%B2%E6%A5%8A%E6%80%9D%E7%90%A6%E8%91%97%E6%A0%A1%E6%9C%8D%E6%89%AE%E5%AD%B8%E7%94%9F%E5%A6%B9-%E5%85%A7%E5%9C%B0%E7%B6%B2%E5%8F%8B%E6%BF%80%E8%AE%9A%E9%9B%B6%E9%81%95%E5%92%8C%E6%84%9F,43歲楊思琦著校服扮學生妹內地網友激讚零違和感,hk01.com
https://today.line.me/hk/v2/article/JPzlq8P,麥明詩曬四眼學生妹相片讚哥哥麥明山以前好靚仔| 明報,today.line.me
https://running.biji.co/index.php?q=review&act=detail&id=3598&subtitle=%E5%88%A5%E4%BA%BA%E8%B7%9F%E6%88%91%E8%AA%AA%E9%80%99%E5%A0%B4%E7%9A%84%E5%88%9D%E9%A6%AC%E7%8D%8E%E7%9B%83%E8%B6%85%E8%AE%9A%EF%BC%8C%E5%8D%BB%E6%B2%92%E8%B7%9F%E6%88%91%E8%AA%AA%E8%A6%81%E7%BF%BB%E9%81%8E%E5%85%A9%E5%BA%A7%E5%B1%B1,別人跟我說這場的初馬獎盃超讚，卻沒跟我說要翻過兩座山,running.biji.co
https://www.ptt.cc/bbs/sex/M.1440599251.A.3CC.html,看板sex - [閒聊] 學妹舉辦一句話惹毛電子學型男大賽,ptt.cc
https://disp.cc/b/Gossiping/g69p,[新聞] 中山女高社團成發要學妹「拉贊助7000元」 網批,disp.cc
https://forum.jorsindo.com/thread-2547568-1-1.html,[DRG] 和學妹一起來泡溫泉北投一日遊,forum.jorsindo.com
https://www.ftvnews.com.tw/news/detail/2021C17W0043,九把刀也大讚！正妹低成本翻唱《月老》主題曲歌聲細膩溫暖 ...,ftvnews.com.tw
https://www.ptt.cc/bbs/sex/M.1440599251.A.3CC.html,看板sex - [閒聊] 學妹舉辦一句話惹毛電子學型男大賽,ptt.cc
https://forum.jorsindo.com/thread-2547568-1-1.html,[DRG] 和學妹一起來泡溫泉北投一日遊,forum.jorsindo.com
https://www.ftvnews.com.tw/news/detail/2021C17W0043,九把刀也大讚！正妹低成本翻唱《月老》主題曲歌聲細膩溫暖 ...,ftvnews.com.tw
https://www.jcf.org.tw/blank-5/categories/%E8%87%AA%E6%88%91%E6%8E%A2%E7%B4%A2%E8%88%87%E7%99%82%E7%99%92,自我探索與療癒 - 加惠心理諮商文教基金會,jcf.org.tw
https://www.douyin.com/zhuanti/7228311220363921465,欺??妹小?大?局?凌,douyin.com
https://tw.observer/p/232969277,#更#新增影片Hi 學妹,tw.observer
https://www.funhualien.com.tw/breakfastappointment,【花蓮好吃】找餐店｜學妹我想約妳吃早餐,funhualien.com.tw
https://www.plurk.com/p/mjqetm,紫翼=房間絕讚爆炸中,plurk.com
https://tw.nextapple.com/international/20230912/9A136398EE4D441D1FC80A8CF48780B8,學長你真變態！畢業後念念不忘學妹們學霸成痴漢多次返校 ...,tw.nextapple.com
https://hk.on.cc/hk/bkn/cnt/entertainment/20180614/bkn-20180614193446608-0614_00862_001.html,34歲楊丞琳扮學生妹網民激讚,hk.on.cc
https://hk.on.cc/hk/bkn/cnt/entertainment/20230410/bkn-20230410200120591-0410_00862_001.html,許冠傑請學妹Serrini做嘉賓激讚作歌夠古靈精怪,hk.on.cc
https://www.meufshalf.com/product.php?action=detail&pid=SE10908009,『學長好！』簍空好學妹情趣制服六件式套組,meufshalf.com
https://www.weekendhk.com/entertainment/%E5%8D%80%E6%98%8E%E5%A6%99-miumiu-%E5%BE%A1%E7%94%A8%E5%AD%B8%E7%94%9F%E5%A6%B9-%E6%B2%99%E7%81%98-plt8-1630303/,22歲區明妙公開男友視角寫真Tube Top上陣大騷迷人香肩,weekendhk.com
https://firenews.com.tw/2023/10/16/%E5%91%A8%E6%98%A5%E7%B1%B3%E6%8E%A5%E8%A6%8B%E4%BA%9E%E9%81%8B%E9%81%B8%E6%89%8B%E3%80%80%E5%A4%A7%E8%AE%9A%E5%B1%8F%E6%9D%B1%E4%B9%8B%E5%85%89/,周春米接見亞運選手大讚屏東之光,firenews.com.tw
https://tianmunews.com/news.html?id=2608405,??百米?人、浙大博士?震???潮新?：我不是天才,tianmunews.com
https://kknews.cc/zh-tw/emotion/mozm9yp.html,為什麼學妹總對高年級學長有一種莫名的好感？建議各位 ...,kknews.cc
https://www.google.com/maps/d/edit?mid=1hWphW99eRM0MEAijhq9jFLKPUGeqh-I,大??安定?哪里有小妹特殊服?{??QQ█1317-9910█ ...,google.com
https://web.bc3ts.net/post/5923878,難得今天可以悠閒吃午餐朋友說要來公司附近吃咖喱飯 ...,web.bc3ts.net
https://zhuanlan.zhihu.com/p/661884651,白月光?我手撕霸?,zhuanlan.zhihu.com
https://91porny.com/video/view/27585661,?妹的制服?惑！??300更新新作- 91??,91porny.com
https://www.dcard.tw/topics/%E5%AD%B8%E5%A6%B9%E5%A5%BD%E5%8F%AF%E6%84%9B,學妹好可愛,dcard.tw
https://books.google.com.tw/books?id=FV7HDwAAQBAJ&pg=PA7&lpg=PA7&dq=%E5%AD%B8%E5%A6%B9%E5%A5%BD%E8%AE%9A&source=bl&ots=RE1ISSK9p5&sig=ACfU3U0k3JgOvdWzOD6bfl9HV7v3UsTgUg&hl=zh-TW&sa=X&ved=2ahUKEwiPpa3n4_6BAxXJmFYBHXKDBMs4MhDoAXoECAIQAw,PC home 電腦家庭 01月號/2020 第288期 - 第 7 頁 - Google 圖書結果,books.google.com.tw
https://books.google.com.tw/books?id=Ug45BAAAQBAJ&pg=PT66&lpg=PT66&dq=%E5%AD%B8%E5%A6%B9%E5%A5%BD%E8%AE%9A&source=bl&ots=8IC0oRj0lm&sig=ACfU3U0Rk7i70xX1HtR51z7R8q9Z-HRbvQ&hl=zh-TW&sa=X&ved=2ahUKEwiPpa3n4_6BAxXJmFYBHXKDBMs4MhDoAXoECAQQAw,變態王子與不笑貓(08) - Google 圖書結果,books.google.com.tw
https://books.google.com.tw/books?id=-eRpDAAAQBAJ&pg=PT76&lpg=PT76&dq=%E5%AD%B8%E5%A6%B9%E5%A5%BD%E8%AE%9A&source=bl&ots=LEcwIjNNob&sig=ACfU3U217gtZN4E6cJBSWhCbc4KXPLzQIw&hl=zh-TW&sa=X&ved=2ahUKEwiPpa3n4_6BAxXJmFYBHXKDBMs4MhDoAXoECAMQAw,痛也愛著你 - Google 圖書結果,books.google.com.tw
